Dyad,Player,Round,objectLeft,objectRight,Score
23585-52205,235859731771768,1,"['A', 'A', 'C', 'C', 'A']","['C', 'A', 'C', 'A', 'A']",3
23585-52205,235859731771768,2,"['A', 'A', 'C', 'A', 'C']","['A', 'C', 'C', 'C', 'A']",2
23585-52205,522058605648886,2,"['D', 'D', 'D', 'D', 'B']","['B', 'D', 'D', 'D', 'B']",4
23585-52205,235859731771768,3,"['A', 'C', 'C', 'C', 'A']","['A', 'A', 'C', 'A', 'A']",3
23585-52205,522058605648886,3,"['B', 'D', 'D', 'D', 'D']","['B', 'B', 'D', 'D', 'B']",3
23585-52205,522058605648886,4,"['D', 'D', 'D', 'D', 'B']","['B', 'D', 'D', 'D', 'B']",4
23585-52205,235859731771768,4,"['A', 'A', 'C', 'A', 'C']","['A', 'A', 'C', 'A', 'C']",5
23585-52205,235859731771768,5,"['A', 'A', 'C', 'C', 'A']","['C', 'A', 'C', 'C', 'A']",4
23585-52205,522058605648886,5,"['B', 'D', 'D', 'D', 'B']","['B', 'D', 'D', 'D', 'B']",5
23585-52205,522058605648886,6,"['B', 'B', 'D', 'D', 'D']","['B', 'B', 'D', 'D', 'D']",5
23585-52205,235859731771768,6,"['C', 'A', 'A', 'A', 'C']","['A', 'C', 'A', 'C', 'C']",2
23585-52205,235859731771768,7,"['A', 'C', 'C', 'C', 'A']","['C', 'C', 'C', 'C', 'A']",4
23585-52205,522058605648886,7,"['D', 'D', 'B', 'B', 'B']","['D', 'D', 'B', 'B', 'B']",5
23585-52205,235859731771768,8,"['C', 'A', 'A', 'C', 'C']","['C', 'A', 'C', 'A', 'C']",3
23585-52205,522058605648886,8,"['D', 'B', 'B', 'B', 'D']","['D', 'B', 'B', 'B', 'B']",4
23585-52205,522058605648886,9,"['B', 'B', 'B', 'D', 'D']","['B', 'B', 'B', 'D', 'D']",5
23585-52205,235859731771768,9,"['C', 'C', 'A', 'A', 'A']","['A', 'A', 'A', 'A', 'A']",3
23585-52205,522058605648886,10,"['D', 'B', 'D', 'D', 'B']","['D', 'B', 'D', 'D', 'B']",5
23585-52205,235859731771768,10,"['A', 'A', 'C', 'A', 'C']","['C', 'A', 'C', 'A', 'C']",4
23585-52205,522058605648886,11,"['B', 'D', 'B', 'D', 'D']","['B', 'D', 'B', 'D', 'D']",5
23585-52205,235859731771768,11,"['C', 'A', 'C', 'A', 'A']","['C', 'A', 'C', 'C', 'A']",4
23585-52205,522058605648886,12,"['B', 'B', 'B', 'D', 'D']","['B', 'B', 'B', 'D', 'D']",5
23585-52205,235859731771768,12,"['C', 'C', 'C', 'C', 'C']","['C', 'C', 'C', 'C', 'A']",4
23585-52205,522058605648886,13,"['B', 'D', 'D', 'B', 'B']","['B', 'D', 'D', 'B', 'B']",5
23585-52205,235859731771768,13,"['A', 'C', 'A', 'A', 'C']","['A', 'C', 'A', 'A', 'C']",5
23585-52205,522058605648886,14,"['B', 'B', 'D', 'D', 'B']","['B', 'B', 'D', 'D', 'B']",5
23585-52205,235859731771768,14,"['C', 'C', 'C', 'C', 'C']","['C', 'C', 'C', 'C', 'C']",5
23585-52205,235859731771768,15,"['A', 'C', 'C', 'A', 'A']","['A', 'C', 'C', 'A', 'A']",5
23585-52205,522058605648886,15,"['D', 'D', 'B', 'B', 'B']","['D', 'D', 'B', 'B', 'B']",5
23585-52205,522058605648886,16,"['D', 'D', 'B', 'D', 'B']","['D', 'D', 'B', 'D', 'B']",5
23585-52205,235859731771768,16,"['A', 'C', 'C', 'C', 'A']","['A', 'C', 'C', 'C', 'A']",5
23585-52205,235859731771768,17,"['A', 'A', 'A', 'A', 'A']","['A', 'A', 'A', 'A', 'A']",5
23585-52205,522058605648886,17,"['D', 'B', 'B', 'B', 'D']","['D', 'B', 'B', 'B', 'D']",5
23585-52205,522058605648886,18,"['D', 'B', 'B', 'B', 'D']","['D', 'B', 'B', 'B', 'D']",5
23585-52205,235859731771768,18,"['C', 'C', 'A', 'A', 'A']","['C', 'C', 'A', 'A', 'A']",5
23585-52205,235859731771768,19,"['A', 'C', 'C', 'A', 'A']","['A', 'C', 'C', 'A', 'A']",5
23585-52205,522058605648886,19,"['D', 'D', 'D', 'B', 'D']","['D', 'D', 'D', 'B', 'D']",5
23585-52205,522058605648886,20,"['D', 'B', 'D', 'D', 'B']","['D', 'B', 'D', 'D', 'B']",5
23585-52205,235859731771768,20,"['C', 'C', 'A', 'C', 'A']","['C', 'C', 'A', 'C', 'A']",5
23585-52205,522058605648886,21,"['D', 'B', 'D', 'D', 'D']","['D', 'B', 'D', 'D', 'D']",5
23585-52205,235859731771768,21,"['A', 'C', 'A', 'A', 'A']","['A', 'C', 'A', 'A', 'A']",5
23585-52205,522058605648886,22,"['B', 'D', 'B', 'D', 'D']","['B', 'D', 'B', 'D', 'D']",5
23585-52205,235859731771768,22,"['A', 'C', 'C', 'A', 'C']","['A', 'C', 'C', 'A', 'C']",5
23585-52205,235859731771768,23,"['C', 'C', 'C', 'C', 'A']","['C', 'C', 'C', 'C', 'A']",5
23585-52205,522058605648886,23,"['D', 'B', 'B', 'B', 'B']","['D', 'B', 'B', 'B', 'B']",5
23585-52205,522058605648886,24,"['B', 'D', 'D', 'B', 'D']","['B', 'D', 'D', 'B', 'D']",5
23585-52205,235859731771768,24,"['A', 'C', 'A', 'C', 'C']","['A', 'C', 'A', 'C', 'C']",5
23585-52205,235859731771768,25,"['C', 'C', 'A', 'C', 'C']","['C', 'C', 'A', 'C', 'C']",5
23585-52205,522058605648886,25,"['D', 'B', 'D', 'B', 'D']","['D', 'B', 'D', 'B', 'D']",5
23585-52205,522058605648886,2,"['C', 'A', 'D', 'B', 'B']","['C', 'A', 'D', 'B', 'B']",5
23585-52205,235859731771768,2,"['C', 'A', 'B', 'B', 'D']","['C', 'A', 'D', 'B', 'B']",3
23585-52205,235859731771768,3,"['B', 'C', 'B', 'A', 'C']","['B', 'C', 'B', 'A', 'C']",5
23585-52205,522058605648886,3,"['B', 'C', 'B', 'C', 'A']","['B', 'C', 'B', 'A', 'C']",3
23585-52205,235859731771768,4,"['B', 'D', 'A', 'A', 'C']","['B', 'D', 'A', 'A', 'A']",4
23585-52205,522058605648886,4,"['B', 'D', 'A', 'A', 'A']","['B', 'D', 'A', 'A', 'A']",5
23585-52205,522058605648886,5,"['B', 'C', 'B', 'B', 'A']","['B', 'C', 'B', 'B', 'A']",5
23585-52205,235859731771768,5,"['B', 'C', 'D', 'B', 'A']","['B', 'C', 'B', 'B', 'A']",4
23585-52205,522058605648886,6,"['B', 'A', 'C', 'B', 'D']","['B', 'A', 'C', 'B', 'D']",5
23585-52205,235859731771768,6,"['B', 'A', 'C', 'B', 'D']","['B', 'A', 'C', 'B', 'D']",5
23585-52205,235859731771768,7,"['B', 'B', 'D', 'A', 'D']","['B', 'B', 'D', 'A', 'D']",5
23585-52205,522058605648886,7,"['B', 'B', 'D', 'A', 'D']","['B', 'B', 'D', 'A', 'D']",5
23585-52205,235859731771768,8,"['B', 'D', 'Nada', 'B', 'Nada']","['B', 'B', 'A', 'B', 'A']",2
23585-52205,522058605648886,8,"['B', 'B', 'A', 'B', 'C']","['B', 'B', 'A', 'B', 'A']",4
23585-52205,522058605648886,9,"['A', 'B', 'A', 'B', 'C']","['A', 'B', 'A', 'B', 'C']",5
23585-52205,235859731771768,9,"['A', 'B', 'A', 'B', 'C']","['A', 'B', 'A', 'B', 'C']",5
23585-52205,235859731771768,10,"['D', 'D', 'A', 'B', 'B']","['D', 'D', 'A', 'B', 'B']",5
23585-52205,522058605648886,10,"['D', 'D', 'A', 'B', 'B']","['D', 'D', 'A', 'B', 'B']",5
23585-52205,235859731771768,11,"['D', 'B', 'A', 'C', 'A']","['D', 'B', 'A', 'C', 'A']",5
23585-52205,522058605648886,11,"['D', 'B', 'A', 'C', 'A']","['D', 'B', 'A', 'C', 'A']",5
23585-52205,235859731771768,12,"['Nada', 'D', 'D', 'B', 'B']","['C', 'D', 'D', 'B', 'B']",4
23585-52205,522058605648886,12,"['C', 'D', 'D', 'B', 'B']","['C', 'D', 'D', 'B', 'B']",5
23585-52205,235859731771768,13,"['B', 'D', 'C', 'A', 'C']","['B', 'D', 'C', 'A', 'C']",5
23585-52205,522058605648886,13,"['B', 'D', 'C', 'A', 'C']","['B', 'D', 'C', 'A', 'C']",5
23585-52205,522058605648886,14,"['C', 'D', 'D', 'A', 'A']","['C', 'D', 'D', 'A', 'A']",5
23585-52205,235859731771768,14,"['C', 'D', 'D', 'A', 'A']","['C', 'D', 'D', 'A', 'A']",5
23585-52205,235859731771768,15,"['B', 'D', 'A', 'B', 'B']","['B', 'D', 'A', 'B', 'B']",5
23585-52205,522058605648886,15,"['B', 'D', 'A', 'B', 'B']","['B', 'D', 'A', 'B', 'B']",5
23585-52205,235859731771768,16,"['B', 'B', 'D', 'D', 'D']","['B', 'B', 'D', 'D', 'D']",5
23585-52205,522058605648886,16,"['B', 'B', 'D', 'D', 'D']","['B', 'B', 'D', 'D', 'D']",5
23585-52205,235859731771768,17,"['A', 'B', 'C', 'B', 'B']","['A', 'B', 'C', 'B', 'B']",5
23585-52205,522058605648886,17,"['A', 'B', 'C', 'B', 'B']","['A', 'B', 'C', 'B', 'B']",5
23585-52205,235859731771768,18,"['C', 'B', 'D', 'D', 'D']","['C', 'B', 'D', 'D', 'D']",5
23585-52205,522058605648886,18,"['C', 'B', 'D', 'D', 'D']","['C', 'B', 'D', 'D', 'D']",5
23585-52205,235859731771768,19,"['C', 'A', 'B', 'D', 'A']","['C', 'A', 'B', 'D', 'A']",5
23585-52205,522058605648886,19,"['C', 'A', 'B', 'D', 'A']","['C', 'A', 'B', 'D', 'A']",5
23585-52205,235859731771768,20,"['B', 'D', 'D', 'A', 'D']","['B', 'D', 'D', 'A', 'D']",5
23585-52205,522058605648886,20,"['B', 'D', 'D', 'A', 'D']","['B', 'D', 'D', 'A', 'D']",5
23585-52205,235859731771768,21,"['Nada', 'C', 'B', 'C', 'A']","['D', 'C', 'B', 'C', 'A']",4
23585-52205,522058605648886,21,"['D', 'C', 'B', 'C', 'A']","['D', 'C', 'B', 'C', 'A']",5
23585-52205,522058605648886,22,"['D', 'D', 'B', 'C', 'C']","['D', 'D', 'B', 'C', 'C']",5
23585-52205,235859731771768,22,"['D', 'D', 'B', 'C', 'C']","['D', 'D', 'B', 'C', 'C']",5
23585-52205,235859731771768,23,"['C', 'B', 'A', 'C', 'A']","['C', 'B', 'A', 'A', 'A']",4
23585-52205,522058605648886,23,"['C', 'B', 'A', 'C', 'A']","['C', 'B', 'A', 'A', 'A']",4
23585-52205,235859731771768,24,"['C', 'A', 'B', 'D', 'B']","['C', 'A', 'B', 'D', 'B']",5
23585-52205,522058605648886,24,"['C', 'A', 'B', 'D', 'B']","['C', 'A', 'B', 'D', 'B']",5
23585-52205,235859731771768,25,"['C', 'A', 'D', 'D', 'D']","['C', 'A', 'D', 'D', 'D']",5
23585-52205,522058605648886,25,"['C', 'A', 'D', 'D', 'D']","['C', 'A', 'D', 'D', 'D']",5
76079-87480,760791662383499,1,"['B', 'D', 'D', 'B', 'B']","['D', 'B', 'B', 'D', 'D']",0
76079-87480,874807326893128,1,"['C', 'C', 'C', 'A', 'A']","['A', 'A', 'A', 'A', 'C']",1
76079-87480,760791662383499,2,"['B', 'B', 'D', 'D', 'D']","['B', 'B', 'D', 'D', 'D']",5
76079-87480,874807326893128,2,"['C', 'A', 'C', 'A', 'A']","['C', 'A', 'A', 'C', 'C']",2
76079-87480,760791662383499,3,"['B', 'B', 'B', 'D', 'D']","['B', 'B', 'B', 'B', 'D']",4
76079-87480,874807326893128,3,"['C', 'C', 'A', 'C', 'A']","['C', 'A', 'A', 'C', 'C']",3
76079-87480,874807326893128,4,"['C', 'A', 'A', 'A', 'C']","['A', 'A', 'C', 'C', 'C']",2
76079-87480,760791662383499,4,"['D', 'D', 'D', 'D', 'B']","['D', 'D', 'D', 'D', 'B']",5
76079-87480,760791662383499,5,"['D', 'B', 'B', 'B', 'D']","['D', 'B', 'B', 'B', 'D']",5
76079-87480,874807326893128,5,"['C', 'A', 'A', 'A', 'C']","['A', 'A', 'A', 'A', 'C']",4
76079-87480,760791662383499,6,"['D', 'D', 'D', 'D', 'D']","['D', 'D', 'D', 'B', 'D']",4
76079-87480,874807326893128,6,"['C', 'A', 'C', 'C', 'A']","['C', 'A', 'C', 'C', 'C']",4
76079-87480,760791662383499,7,"['D', 'B', 'B', 'D', 'D']","['D', 'B', 'B', 'D', 'D']",5
76079-87480,874807326893128,7,"['A', 'A', 'C', 'C', 'A']","['A', 'A', 'C', 'C', 'A']",5
76079-87480,760791662383499,8,"['D', 'B', 'D', 'B', 'B']","['D', 'B', 'D', 'B', 'B']",5
76079-87480,874807326893128,8,"['A', 'C', 'A', 'C', 'C']","['A', 'C', 'A', 'C', 'C']",5
76079-87480,874807326893128,9,"['C', 'C', 'C', 'A', 'C']","['C', 'C', 'C', 'A', 'C']",5
76079-87480,760791662383499,9,"['D', 'B', 'D', 'B', 'D']","['D', 'D', 'D', 'B', 'D']",4
76079-87480,760791662383499,10,"['D', 'B', 'B', 'B', 'D']","['D', 'B', 'B', 'B', 'D']",5
76079-87480,874807326893128,10,"['C', 'A', 'A', 'A', 'C']","['C', 'A', 'A', 'A', 'C']",5
76079-87480,760791662383499,11,"['D', 'B', 'B', 'D', 'B']","['D', 'B', 'B', 'D', 'B']",5
76079-87480,874807326893128,11,"['A', 'C', 'A', 'C', 'A']","['A', 'C', 'A', 'C', 'A']",5
76079-87480,760791662383499,12,"['D', 'B', 'B', 'D', 'D']","['D', 'B', 'B', 'D', 'D']",5
76079-87480,874807326893128,12,"['C', 'A', 'C', 'A', 'A']","['C', 'A', 'C', 'A', 'A']",5
76079-87480,760791662383499,13,"['B', 'B', 'D', 'B', 'B']","['B', 'B', 'D', 'B', 'B']",5
76079-87480,874807326893128,13,"['C', 'A', 'A', 'C', 'A']","['C', 'A', 'A', 'C', 'A']",5
76079-87480,760791662383499,14,"['B', 'B', 'D', 'D', 'D']","['B', 'B', 'D', 'D', 'B']",4
76079-87480,874807326893128,14,"['A', 'A', 'C', 'C', 'A']","['A', 'A', 'C', 'C', 'A']",5
76079-87480,760791662383499,15,"['B', 'B', 'B', 'B', 'B']","['B', 'B', 'B', 'B', 'B']",5
76079-87480,874807326893128,15,"['A', 'C', 'A', 'A', 'C']","['A', 'C', 'A', 'A', 'C']",5
76079-87480,760791662383499,16,"['D', 'D', 'D', 'B', 'D']","['D', 'D', 'D', 'B', 'D']",5
76079-87480,874807326893128,16,"['C', 'A', 'C', 'A', 'A']","['C', 'A', 'C', 'A', 'A']",5
76079-87480,760791662383499,17,"['B', 'D', 'B', 'D', 'D']","['B', 'D', 'B', 'D', 'D']",5
76079-87480,874807326893128,17,"['C', 'C', 'C', 'A', 'A']","['C', 'C', 'C', 'A', 'A']",5
76079-87480,760791662383499,18,"['D', 'D', 'D', 'D', 'B']","['B', 'D', 'D', 'D', 'B']",4
76079-87480,874807326893128,18,"['C', 'C', 'A', 'C', 'C']","['C', 'C', 'A', 'C', 'C']",5
76079-87480,760791662383499,19,"['B', 'B', 'D', 'D', 'B']","['B', 'B', 'D', 'D', 'B']",5
76079-87480,874807326893128,19,"['Nada', 'C', 'A', 'A', 'C']","['C', 'C', 'A', 'A', 'C']",4
76079-87480,874807326893128,20,"['C', 'C', 'A', 'A', 'C']","['C', 'C', 'A', 'A', 'C']",5
76079-87480,760791662383499,20,"['D', 'D', 'B', 'B', 'B']","['D', 'D', 'B', 'B', 'B']",5
76079-87480,760791662383499,21,"['D', 'D', 'D', 'B', 'B']","['D', 'D', 'D', 'B', 'B']",5
76079-87480,874807326893128,21,"['A', 'A', 'C', 'A', 'C']","['A', 'A', 'C', 'A', 'C']",5
76079-87480,874807326893128,22,"['A', 'A', 'C', 'C', 'C']","['A', 'A', 'C', 'C', 'C']",5
76079-87480,760791662383499,22,"['D', 'D', 'D', 'B', 'D']","['D', 'D', 'D', 'B', 'D']",5
76079-87480,874807326893128,23,"['C', 'A', 'A', 'A', 'A']","['C', 'A', 'A', 'A', 'A']",5
76079-87480,760791662383499,23,"['D', 'D', 'D', 'D', 'B']","['D', 'D', 'D', 'D', 'B']",5
76079-87480,874807326893128,24,"['C', 'A', 'C', 'A', 'C']","['C', 'A', 'C', 'A', 'C']",5
76079-87480,760791662383499,24,"['B', 'D', 'D', 'B', 'D']","['B', 'D', 'D', 'B', 'D']",5
76079-87480,874807326893128,25,"['C', 'A', 'A', 'A', 'A']","['C', 'A', 'A', 'A', 'A']",5
76079-87480,760791662383499,25,"['B', 'B', 'B', 'D', 'B']","['B', 'B', 'B', 'D', 'B']",5
76079-87480,874807326893128,1,"['B', 'C', 'C', 'D', 'C']","['B', 'C', 'C', 'D', 'C']",5
76079-87480,760791662383499,2,"['C', 'D', 'D', 'B', 'D']","['C', 'D', 'D', 'A', 'D']",4
76079-87480,874807326893128,2,"['C', 'B', 'D', 'A', 'B']","['C', 'D', 'D', 'A', 'D']",3
76079-87480,874807326893128,3,"['D', 'D', 'C', 'A', 'C']","['D', 'D', 'C', 'A', 'C']",5
76079-87480,760791662383499,3,"['D', 'D', 'C', 'C', 'B']","['D', 'D', 'C', 'A', 'C']",3
76079-87480,760791662383499,4,"['B', 'B', 'C', 'D', 'B']","['B', 'B', 'C', 'D', 'A']",4
76079-87480,874807326893128,4,"['B', 'B', 'C', 'D', 'A']","['B', 'B', 'C', 'D', 'A']",5
76079-87480,760791662383499,5,"['B', 'C', 'C', 'C', 'B']","['B', 'C', 'A', 'C', 'A']",3
76079-87480,874807326893128,5,"['B', 'C', 'A', 'C', 'A']","['B', 'C', 'A', 'C', 'A']",5
76079-87480,874807326893128,6,"['A', 'B', 'A', 'A', 'B']","['A', 'B', 'A', 'A', 'D']",4
76079-87480,760791662383499,6,"['B', 'B', 'B', 'C', 'D']","['A', 'B', 'A', 'A', 'D']",2
76079-87480,760791662383499,8,"['A', 'D', 'B', 'C', 'D']","['A', 'D', 'B', 'C', 'D']",5
76079-87480,874807326893128,8,"['A', 'D', 'B', 'C', 'D']","['A', 'D', 'B', 'C', 'D']",5
76079-87480,874807326893128,9,"['B', 'C', 'A', 'A', 'C']","['B', 'C', 'A', 'A', 'C']",5
76079-87480,760791662383499,9,"['B', 'C', 'A', 'C', 'C']","['B', 'C', 'A', 'A', 'C']",4
76079-87480,874807326893128,10,"['A', 'D', 'A', 'B', 'C']","['A', 'D', 'A', 'B', 'C']",5
76079-87480,760791662383499,10,"['A', 'D', 'A', 'B', 'C']","['A', 'D', 'A', 'B', 'C']",5
76079-87480,874807326893128,11,"['C', 'A', 'D', 'A', 'C']","['C', 'A', 'D', 'A', 'C']",5
76079-87480,760791662383499,11,"['C', 'A', 'D', 'A', 'C']","['C', 'A', 'D', 'A', 'C']",5
76079-87480,874807326893128,12,"['D', 'C', 'C', 'C', 'D']","['D', 'C', 'C', 'C', 'D']",5
76079-87480,760791662383499,12,"['D', 'C', 'C', 'C', 'D']","['D', 'C', 'C', 'C', 'D']",5
76079-87480,760791662383499,13,"['A', 'B', 'D', 'A', 'D']","['A', 'B', 'D', 'A', 'D']",5
76079-87480,874807326893128,13,"['A', 'B', 'D', 'B', 'D']","['A', 'B', 'D', 'A', 'D']",4
76079-87480,760791662383499,14,"['C', 'B', 'B', 'B', 'C']","['C', 'B', 'B', 'B', 'C']",5
76079-87480,874807326893128,14,"['C', 'B', 'B', 'B', 'C']","['C', 'B', 'B', 'B', 'C']",5
76079-87480,760791662383499,15,"['C', 'D', 'A', 'D', 'B']","['C', 'D', 'A', 'D', 'B']",5
76079-87480,874807326893128,15,"['C', 'D', 'A', 'D', 'D']","['C', 'D', 'A', 'D', 'B']",4
76079-87480,874807326893128,16,"['C', 'A', 'C', 'C', 'D']","['C', 'A', 'C', 'C', 'D']",5
76079-87480,760791662383499,16,"['C', 'C', 'C', 'C', 'D']","['C', 'A', 'C', 'C', 'D']",4
76079-87480,760791662383499,17,"['D', 'C', 'B', 'B', 'C']","['D', 'C', 'B', 'B', 'C']",5
76079-87480,874807326893128,17,"['B', 'C', 'B', 'B', 'C']","['D', 'C', 'B', 'B', 'C']",4
76079-87480,760791662383499,18,"['B', 'C', 'D', 'D', 'A']","['B', 'C', 'D', 'D', 'A']",5
76079-87480,874807326893128,18,"['B', 'C', 'D', 'D', 'A']","['B', 'C', 'D', 'D', 'A']",5
76079-87480,760791662383499,19,"['C', 'B', 'D', 'A', 'B']","['C', 'B', 'D', 'A', 'B']",5
76079-87480,874807326893128,19,"['C', 'B', 'D', 'A', 'B']","['C', 'B', 'D', 'A', 'B']",5
76079-87480,760791662383499,20,"['A', 'D', 'Nada', 'A', 'D']","['A', 'D', 'A', 'A', 'D']",4
76079-87480,874807326893128,20,"['A', 'D', 'A', 'A', 'D']","['A', 'D', 'A', 'A', 'D']",5
76079-87480,760791662383499,21,"['D', 'C', 'C', 'D', 'D']","['D', 'C', 'C', 'D', 'D']",5
76079-87480,874807326893128,21,"['D', 'C', 'C', 'B', 'D']","['D', 'C', 'C', 'D', 'D']",4
76079-87480,760791662383499,22,"['B', 'Nada', 'B', 'B', 'Nada']","['B', 'C', 'B', 'B', 'C']",3
76079-87480,874807326893128,22,"['B', 'C', 'D', 'B', 'C']","['B', 'C', 'B', 'B', 'C']",4
76079-87480,760791662383499,23,"['B', 'B', 'C', 'D', 'D']","['B', 'B', 'C', 'D', 'D']",5
76079-87480,874807326893128,23,"['B', 'B', 'C', 'D', 'D']","['B', 'B', 'C', 'D', 'D']",5
76079-87480,760791662383499,24,"['D', 'C', 'C', 'C', 'B']","['D', 'C', 'C', 'C', 'B']",5
76079-87480,874807326893128,24,"['D', 'C', 'C', 'C', 'B']","['D', 'C', 'C', 'C', 'B']",5
76079-87480,760791662383499,25,"['D', 'D', 'A', 'B', 'A']","['D', 'D', 'A', 'B', 'A']",5
76079-87480,874807326893128,25,"['D', 'D', 'A', 'B', 'A']","['D', 'D', 'A', 'B', 'A']",5
56385-93983,563859218939246,1,"['D', 'B', 'D', 'B', 'B']","['B', 'D', 'B', 'D', 'B']",1
56385-93983,939838105107843,1,"['A', 'C', 'C', 'A', 'C']","['A', 'C', 'C', 'A', 'C']",5
56385-93983,939838105107843,2,"['A', 'C', 'C', 'A', 'C']","['A', 'C', 'C', 'A', 'C']",5
56385-93983,563859218939246,2,"['B', 'D', 'D', 'B', 'B']","['D', 'D', 'D', 'B', 'D']",3
56385-93983,939838105107843,3,"['C', 'A', 'A', 'C', 'A']","['C', 'A', 'A', 'C', 'C']",4
56385-93983,563859218939246,3,"['B', 'B', 'D', 'D', 'B']","['B', 'B', 'D', 'D', 'B']",5
56385-93983,563859218939246,4,"['B', 'B', 'B', 'D', 'D']","['B', 'B', 'B', 'D', 'D']",5
56385-93983,939838105107843,4,"['C', 'C', 'A', 'C', 'C']","['C', 'C', 'A', 'C', 'C']",5
56385-93983,939838105107843,5,"['A', 'C', 'A', 'C', 'C']","['A', 'C', 'A', 'A', 'A']",3
56385-93983,563859218939246,5,"['D', 'B', 'B', 'D', 'D']","['D', 'B', 'B', 'B', 'D']",4
56385-93983,563859218939246,6,"['D', 'D', 'B', 'D', 'B']","['D', 'D', 'B', 'D', 'B']",5
56385-93983,939838105107843,6,"['A', 'C', 'A', 'C', 'C']","['A', 'C', 'A', 'C', 'A']",4
56385-93983,563859218939246,7,"['B', 'D', 'D', 'B', 'D']","['D', 'D', 'D', 'D', 'D']",3
56385-93983,939838105107843,7,"['A', 'A', 'A', 'A', 'C']","['A', 'A', 'A', 'A', 'C']",5
56385-93983,563859218939246,8,"['D', 'B', 'B', 'B', 'B']","['D', 'B', 'B', 'B', 'B']",5
56385-93983,939838105107843,8,"['C', 'C', 'A', 'A', 'C']","['C', 'C', 'A', 'A', 'C']",5
56385-93983,939838105107843,9,"['C', 'C', 'A', 'A', 'A']","['C', 'C', 'A', 'A', 'A']",5
56385-93983,563859218939246,9,"['D', 'B', 'D', 'B', 'D']","['D', 'B', 'D', 'B', 'D']",5
56385-93983,563859218939246,10,"['B', 'B', 'B', 'D', 'D']","['B', 'B', 'B', 'D', 'D']",5
56385-93983,939838105107843,10,"['C', 'A', 'C', 'C', 'A']","['C', 'A', 'C', 'C', 'A']",5
56385-93983,939838105107843,11,"['A', 'A', 'Nada', 'A', 'C']","['A', 'A', 'A', 'C', 'C']",3
56385-93983,563859218939246,11,"['D', 'D', 'D', 'D', 'D']","['D', 'D', 'D', 'D', 'D']",5
56385-93983,939838105107843,12,"['C', 'C', 'A', 'A', 'C']","['C', 'C', 'A', 'A', 'C']",5
56385-93983,563859218939246,12,"['D', 'B', 'D', 'D', 'D']","['D', 'B', 'D', 'D', 'D']",5
56385-93983,563859218939246,13,"['B', 'B', 'D', 'B', 'D']","['B', 'B', 'D', 'B', 'D']",5
56385-93983,939838105107843,13,"['C', 'C', 'C', 'C', 'C']","['C', 'C', 'C', 'C', 'C']",5
56385-93983,563859218939246,14,"['D', 'D', 'D', 'D', 'B']","['D', 'D', 'D', 'D', 'B']",5
56385-93983,939838105107843,14,"['C', 'A', 'C', 'C', 'C']","['C', 'A', 'C', 'C', 'C']",5
56385-93983,563859218939246,15,"['B', 'D', 'B', 'B', 'D']","['B', 'D', 'B', 'B', 'D']",5
56385-93983,939838105107843,15,"['A', 'C', 'A', 'A', 'A']","['A', 'C', 'A', 'A', 'A']",5
56385-93983,563859218939246,16,"['B', 'D', 'B', 'B', 'D']","['B', 'D', 'B', 'B', 'D']",5
56385-93983,939838105107843,16,"['C', 'C', 'A', 'C', 'A']","['C', 'C', 'A', 'C', 'A']",5
56385-93983,563859218939246,17,"['B', 'D', 'D', 'D', 'B']","['B', 'D', 'D', 'D', 'B']",5
56385-93983,939838105107843,17,"['A', 'A', 'C', 'C', 'A']","['A', 'A', 'C', 'C', 'A']",5
56385-93983,563859218939246,18,"['B', 'B', 'D', 'B', 'B']","['B', 'B', 'D', 'B', 'B']",5
56385-93983,939838105107843,18,"['C', 'A', 'A', 'A', 'C']","['C', 'A', 'A', 'A', 'C']",5
56385-93983,939838105107843,19,"['C', 'A', 'A', 'A', 'A']","['C', 'A', 'A', 'A', 'A']",5
56385-93983,563859218939246,19,"['D', 'D', 'D', 'D', 'D']","['D', 'D', 'D', 'B', 'D']",4
56385-93983,563859218939246,20,"['B', 'B', 'B', 'B', 'B']","['B', 'B', 'B', 'B', 'B']",5
56385-93983,939838105107843,20,"['A', 'A', 'C', 'C', 'A']","['C', 'C', 'A', 'A', 'C']",0
56385-93983,563859218939246,21,"['D', 'B', 'B', 'D', 'D']","['D', 'B', 'B', 'D', 'D']",5
56385-93983,939838105107843,21,"['A', 'C', 'A', 'C', 'A']","['A', 'C', 'A', 'C', 'A']",5
56385-93983,563859218939246,22,"['D', 'B', 'D', 'D', 'D']","['D', 'B', 'D', 'D', 'D']",5
56385-93983,939838105107843,22,"['A', 'C', 'C', 'C', 'A']","['A', 'C', 'C', 'C', 'A']",5
56385-93983,563859218939246,23,"['D', 'D', 'B', 'D', 'D']","['D', 'D', 'B', 'D', 'D']",5
56385-93983,939838105107843,23,"['A', 'C', 'A', 'C', 'A']","['A', 'A', 'A', 'C', 'A']",4
56385-93983,563859218939246,24,"['D', 'B', 'B', 'D', 'B']","['D', 'B', 'B', 'D', 'B']",5
56385-93983,939838105107843,24,"['C', 'A', 'A', 'A', 'A']","['C', 'A', 'A', 'A', 'A']",5
56385-93983,939838105107843,25,"['C', 'A', 'C', 'A', 'A']","['C', 'A', 'C', 'A', 'A']",5
56385-93983,563859218939246,25,"['D', 'D', 'D', 'D', 'D']","['D', 'D', 'D', 'D', 'D']",5
56385-93983,563859218939246,1,"['D', 'A', 'C', 'B', 'D']","['D', 'A', 'A', 'B', 'D']",4
56385-93983,939838105107843,1,"['B', 'C', 'A', 'B', 'D']","['D', 'A', 'A', 'B', 'D']",3
56385-93983,939838105107843,2,"['D', 'A', 'C', 'A', 'B']","['D', 'A', 'C', 'A', 'B']",5
56385-93983,563859218939246,3,"['C', 'A', 'B', 'D', 'D']","['A', 'A', 'B', 'D', 'D']",4
56385-93983,939838105107843,3,"['A', 'A', 'D', 'D', 'B']","['A', 'A', 'B', 'D', 'D']",3
56385-93983,563859218939246,4,"['B', 'A', 'B', 'A', 'B']","['B', 'C', 'B', 'A', 'B']",4
56385-93983,939838105107843,4,"['B', 'C', 'B', 'A', 'B']","['B', 'C', 'B', 'A', 'B']",5
56385-93983,563859218939246,5,"['B', 'D', 'A', 'C', 'C']","['B', 'D', 'A', 'C', 'A']",4
56385-93983,939838105107843,5,"['D', 'B', 'A', 'C', 'C']","['B', 'D', 'A', 'C', 'A']",2
56385-93983,563859218939246,6,"['C', 'A', 'B', 'C', 'A']","['C', 'A', 'B', 'C', 'A']",5
56385-93983,939838105107843,6,"['C', 'A', 'B', 'C', 'A']","['C', 'A', 'B', 'C', 'A']",5
56385-93983,563859218939246,7,"['C', 'D', 'A', 'D', 'A']","['C', 'D', 'A', 'D', 'A']",5
56385-93983,939838105107843,7,"['C', 'C', 'A', 'D', 'C']","['C', 'D', 'A', 'D', 'A']",3
56385-93983,563859218939246,8,"['D', 'C', 'B', 'C', 'D']","['D', 'A', 'B', 'C', 'B']",3
56385-93983,939838105107843,8,"['B', 'C', 'B', 'C', 'D']","['D', 'A', 'B', 'C', 'B']",2
56385-93983,563859218939246,9,"['D', 'D', 'A', 'B', 'B']","['D', 'D', 'A', 'B', 'B']",5
56385-93983,939838105107843,9,"['D', 'D', 'A', 'C', 'B']","['D', 'D', 'A', 'B', 'B']",4
56385-93983,563859218939246,10,"['B', 'C', 'B', 'B', 'C']","['B', 'C', 'B', 'B', 'C']",5
56385-93983,939838105107843,10,"['B', 'C', 'B', 'B', 'C']","['B', 'C', 'B', 'B', 'C']",5
56385-93983,563859218939246,11,"['A', 'C', 'B', 'A', 'B']","['A', 'C', 'B', 'A', 'B']",5
56385-93983,939838105107843,11,"['A', 'C', 'B', 'A', 'C']","['A', 'C', 'B', 'A', 'B']",4
56385-93983,563859218939246,12,"['B', 'C', 'A', 'B', 'A']","['B', 'C', 'A', 'B', 'A']",5
56385-93983,939838105107843,12,"['D', 'C', 'A', 'B', 'A']","['B', 'C', 'A', 'B', 'A']",4
56385-93983,563859218939246,13,"['A', 'D', 'C', 'A', 'D']","['A', 'D', 'C', 'A', 'D']",5
56385-93983,939838105107843,13,"['A', 'B', 'C', 'A', 'D']","['A', 'D', 'C', 'A', 'D']",4
56385-93983,563859218939246,14,"['D', 'D', 'D', 'B', 'A']","['D', 'D', 'D', 'B', 'A']",5
56385-93983,939838105107843,14,"['D', 'D', 'D', 'B', 'A']","['D', 'D', 'D', 'B', 'A']",5
56385-93983,563859218939246,15,"['C', 'B', 'B', 'A', 'A']","['C', 'B', 'B', 'A', 'A']",5
56385-93983,939838105107843,15,"['C', 'B', 'B', 'A', 'A']","['C', 'B', 'B', 'A', 'A']",5
56385-93983,563859218939246,16,"['A', 'A', 'C', 'C', 'D']","['A', 'A', 'C', 'C', 'D']",5
56385-93983,939838105107843,16,"['A', 'A', 'C', 'C', 'D']","['A', 'A', 'C', 'C', 'D']",5
56385-93983,563859218939246,17,"['D', 'A', 'C', 'C', 'D']","['D', 'A', 'C', 'C', 'D']",5
56385-93983,939838105107843,17,"['D', 'A', 'C', 'C', 'D']","['D', 'A', 'C', 'C', 'D']",5
56385-93983,563859218939246,18,"['B', 'B', 'B', 'B', 'D']","['B', 'B', 'B', 'B', 'D']",5
56385-93983,939838105107843,18,"['B', 'B', 'B', 'B', 'D']","['B', 'B', 'B', 'B', 'D']",5
56385-93983,563859218939246,19,"['C', 'B', 'A', 'C', 'D']","['C', 'B', 'A', 'C', 'D']",5
56385-93983,939838105107843,19,"['C', 'B', 'A', 'C', 'D']","['C', 'B', 'A', 'C', 'D']",5
56385-93983,563859218939246,20,"['C', 'B', 'A', 'D', 'B']","['C', 'B', 'A', 'D', 'B']",5
56385-93983,563859218939246,21,"['A', 'C', 'D', 'A', 'B']","['A', 'C', 'D', 'A', 'B']",5
56385-93983,939838105107843,21,"['A', 'C', 'D', 'A', 'B']","['A', 'C', 'D', 'A', 'B']",5
56385-93983,563859218939246,22,"['D', 'B', 'D', 'D', 'A']","['D', 'B', 'D', 'D', 'A']",5
56385-93983,939838105107843,22,"['D', 'B', 'D', 'B', 'A']","['D', 'B', 'D', 'D', 'A']",4
56385-93983,563859218939246,23,"['C', 'C', 'C', 'B', 'C']","['C', 'C', 'C', 'B', 'C']",5
56385-93983,939838105107843,23,"['C', 'C', 'C', 'B', 'C']","['C', 'C', 'C', 'B', 'C']",5
56385-93983,563859218939246,24,"['D', 'C', 'B', 'D', 'D']","['D', 'C', 'B', 'D', 'D']",5
56385-93983,939838105107843,24,"['D', 'C', 'B', 'D', 'D']","['D', 'C', 'B', 'D', 'D']",5
56385-93983,563859218939246,25,"['B', 'B', 'B', 'C', 'A']","['B', 'B', 'B', 'C', 'A']",5
56385-93983,939838105107843,25,"['B', 'B', 'B', 'C', 'A']","['B', 'B', 'B', 'C', 'A']",5
18067-91921,180672638373464,1,"['B', 'B', 'D', 'D', 'B']","['D', 'D', 'D', 'D', 'D']",2
18067-91921,919215741319732,1,"['A', 'C', 'C', 'C', 'A']","['A', 'C', 'C', 'C', 'C']",4
18067-91921,180672638373464,2,"['B', 'D', 'B', 'B', 'B']","['B', 'D', 'B', 'B', 'B']",5
18067-91921,919215741319732,2,"['C', 'A', 'C', 'A', 'C']","['A', 'A', 'C', 'A', 'C']",4
18067-91921,180672638373464,3,"['B', 'D', 'B', 'B', 'D']","['B', 'D', 'B', 'B', 'D']",5
18067-91921,919215741319732,3,"['A', 'C', 'A', 'C', 'C']","['A', 'C', 'A', 'C', 'A']",4
18067-91921,180672638373464,4,"['B', 'D', 'D', 'D', 'D']","['B', 'D', 'D', 'D', 'D']",5
18067-91921,919215741319732,4,"['C', 'C', 'A', 'C', 'C']","['C', 'C', 'A', 'C', 'C']",5
18067-91921,180672638373464,5,"['D', 'B', 'D', 'B', 'B']","['D', 'B', 'D', 'B', 'B']",5
18067-91921,919215741319732,5,"['C', 'A', 'C', 'C', 'A']","['C', 'A', 'A', 'A', 'A']",3
18067-91921,180672638373464,6,"['D', 'D', 'D', 'D', 'D']","['B', 'D', 'B', 'D', 'D']",3
18067-91921,919215741319732,6,"['C', 'C', 'C', 'A', 'A']","['A', 'C', 'C', 'C', 'A']",3
18067-91921,180672638373464,7,"['D', 'D', 'B', 'D', 'D']","['B', 'B', 'B', 'B', 'D']",2
18067-91921,919215741319732,7,"['C', 'C', 'C', 'A', 'C']","['C', 'C', 'C', 'A', 'C']",5
18067-91921,180672638373464,8,"['B', 'D', 'D', 'B', 'B']","['B', 'D', 'D', 'B', 'B']",5
18067-91921,919215741319732,8,"['C', 'A', 'C', 'C', 'A']","['C', 'A', 'A', 'C', 'A']",4
18067-91921,180672638373464,9,"['B', 'D', 'D', 'B', 'B']","['B', 'D', 'D', 'B', 'B']",5
18067-91921,919215741319732,9,"['C', 'C', 'A', 'A', 'C']","['C', 'A', 'A', 'A', 'C']",4
18067-91921,180672638373464,10,"['D', 'B', 'B', 'D', 'B']","['D', 'B', 'B', 'D', 'B']",5
18067-91921,919215741319732,10,"['A', 'A', 'C', 'A', 'C']","['A', 'A', 'C', 'A', 'A']",4
18067-91921,180672638373464,11,"['B', 'B', 'B', 'D', 'B']","['B', 'B', 'B', 'D', 'B']",5
18067-91921,919215741319732,11,"['C', 'C', 'C', 'C', 'C']","['C', 'C', 'C', 'A', 'C']",4
18067-91921,180672638373464,12,"['B', 'D', 'D', 'B', 'B']","['B', 'D', 'D', 'B', 'B']",5
18067-91921,919215741319732,12,"['C', 'A', 'C', 'C', 'C']","['A', 'A', 'C', 'C', 'C']",4
18067-91921,180672638373464,13,"['D', 'D', 'D', 'D', 'B']","['D', 'D', 'D', 'D', 'B']",5
18067-91921,919215741319732,13,"['A', 'C', 'C', 'C', 'C']","['A', 'C', 'C', 'C', 'C']",5
18067-91921,180672638373464,14,"['D', 'D', 'D', 'B', 'D']","['D', 'D', 'D', 'B', 'D']",5
18067-91921,919215741319732,14,"['Nada', 'C', 'A', 'C', 'C']","['C', 'C', 'A', 'C', 'C']",4
18067-91921,180672638373464,15,"['D', 'D', 'D', 'B', 'D']","['D', 'D', 'D', 'B', 'D']",5
18067-91921,919215741319732,15,"['C', 'C', 'A', 'A', 'C']","['C', 'C', 'A', 'A', 'C']",5
18067-91921,180672638373464,16,"['D', 'B', 'D', 'B', 'D']","['D', 'B', 'D', 'B', 'D']",5
18067-91921,919215741319732,16,"['C', 'C', 'A', 'C', 'A']","['C', 'C', 'A', 'C', 'A']",5
18067-91921,180672638373464,17,"['D', 'D', 'D', 'B', 'D']","['D', 'D', 'D', 'B', 'D']",5
18067-91921,919215741319732,17,"['C', 'C', 'A', 'C', 'C']","['C', 'C', 'A', 'A', 'A']",3
18067-91921,180672638373464,18,"['B', 'B', 'B', 'D', 'D']","['B', 'B', 'B', 'D', 'D']",5
18067-91921,919215741319732,18,"['C', 'C', 'C', 'A', 'C']","['C', 'A', 'C', 'A', 'C']",4
18067-91921,180672638373464,19,"['D', 'B', 'D', 'D', 'B']","['D', 'B', 'D', 'D', 'B']",5
18067-91921,919215741319732,19,"['A', 'C', 'C', 'C', 'A']","['A', 'C', 'A', 'C', 'A']",4
18067-91921,180672638373464,20,"['D', 'D', 'D', 'D', 'B']","['D', 'D', 'D', 'D', 'B']",5
18067-91921,919215741319732,20,"['C', 'C', 'A', 'A', 'C']","['C', 'A', 'A', 'A', 'C']",4
18067-91921,180672638373464,21,"['B', 'B', 'D', 'D', 'B']","['B', 'B', 'D', 'D', 'B']",5
18067-91921,919215741319732,21,"['C', 'C', 'C', 'C', 'A']","['C', 'C', 'C', 'C', 'A']",5
18067-91921,180672638373464,22,"['D', 'B', 'D', 'D', 'B']","['D', 'B', 'D', 'D', 'B']",5
18067-91921,919215741319732,22,"['C', 'C', 'C', 'A', 'A']","['C', 'A', 'C', 'A', 'A']",4
18067-91921,180672638373464,23,"['D', 'D', 'D', 'B', 'D']","['D', 'D', 'D', 'B', 'D']",5
18067-91921,919215741319732,23,"['C', 'C', 'C', 'A', 'C']","['C', 'C', 'C', 'A', 'C']",5
18067-91921,180672638373464,24,"['B', 'D', 'D', 'D', 'D']","['B', 'D', 'D', 'D', 'D']",5
18067-91921,919215741319732,24,"['A', 'C', 'A', 'A', 'A']","['A', 'C', 'A', 'A', 'C']",4
18067-91921,180672638373464,25,"['D', 'D', 'B', 'D', 'D']","['D', 'D', 'B', 'D', 'B']",4
18067-91921,919215741319732,25,"['A', 'A', 'A', 'C', 'C']","['A', 'A', 'A', 'C', 'C']",5
18067-91921,180672638373464,1,"['A', 'B', 'B', 'A', 'D']","['A', 'B', 'B', 'A', 'D']",5
18067-91921,919215741319732,2,"['C', 'A', 'C', 'B', 'D']","['C', 'A', 'C', 'B', 'D']",5
18067-91921,180672638373464,2,"['A', 'A', 'C', 'B', 'D']","['C', 'A', 'C', 'B', 'D']",4
18067-91921,919215741319732,3,"['C', 'A', 'D', 'C', 'D']","['C', 'A', 'D', 'A', 'D']",4
18067-91921,180672638373464,3,"['A', 'C', 'D', 'A', 'D']","['C', 'A', 'D', 'A', 'D']",3
18067-91921,180672638373464,4,"['A', 'C', 'D', 'A', 'C']","['C', 'C', 'D', 'C', 'C']",3
18067-91921,919215741319732,4,"['C', 'C', 'D', 'C', 'C']","['C', 'C', 'D', 'C', 'C']",5
18067-91921,919215741319732,5,"['B', 'D', 'C', 'A', 'C']","['B', 'B', 'C', 'A', 'C']",4
18067-91921,180672638373464,5,"['B', 'B', 'C', 'A', 'C']","['B', 'B', 'C', 'A', 'C']",5
18067-91921,180672638373464,6,"['A', 'D', 'A', 'B', 'A']","['A', 'D', 'A', 'B', 'A']",5
18067-91921,919215741319732,6,"['A', 'B', 'A', 'B', 'A']","['A', 'D', 'A', 'B', 'A']",4
18067-91921,919215741319732,7,"['C', 'B', 'D', 'D', 'C']","['C', 'B', 'D', 'D', 'A']",4
18067-91921,180672638373464,7,"['C', 'B', 'D', 'D', 'C']","['C', 'B', 'D', 'D', 'A']",4
18067-91921,919215741319732,8,"['D', 'A', 'D', 'A', 'B']","['D', 'A', 'D', 'A', 'B']",5
18067-91921,180672638373464,8,"['D', 'A', 'D', 'A', 'B']","['D', 'A', 'D', 'A', 'B']",5
18067-91921,919215741319732,9,"['D', 'D', 'B', 'C', 'A']","['D', 'D', 'B', 'C', 'A']",5
18067-91921,180672638373464,9,"['D', 'D', 'B', 'C', 'A']","['D', 'D', 'B', 'C', 'A']",5
18067-91921,919215741319732,10,"['D', 'C', 'B', 'B', 'B']","['D', 'C', 'B', 'B', 'B']",5
18067-91921,180672638373464,10,"['D', 'C', 'B', 'B', 'B']","['D', 'C', 'B', 'B', 'B']",5
18067-91921,180672638373464,11,"['C', 'C', 'D', 'D', 'C']","['C', 'C', 'B', 'D', 'C']",4
18067-91921,919215741319732,11,"['C', 'C', 'D', 'D', 'C']","['C', 'C', 'B', 'D', 'C']",4
18067-91921,919215741319732,12,"['C', 'A', 'B', 'A', 'B']","['C', 'A', 'B', 'A', 'B']",5
18067-91921,180672638373464,12,"['C', 'C', 'B', 'A', 'B']","['C', 'A', 'B', 'A', 'B']",4
18067-91921,919215741319732,13,"['A', 'B', 'C', 'A', 'A']","['A', 'B', 'C', 'A', 'A']",5
18067-91921,180672638373464,13,"['A', 'B', 'C', 'C', 'C']","['A', 'B', 'C', 'A', 'A']",3
18067-91921,180672638373464,14,"['A', 'D', 'B', 'D', 'C']","['A', 'B', 'B', 'D', 'C']",4
18067-91921,919215741319732,14,"['A', 'D', 'B', 'D', 'C']","['A', 'B', 'B', 'D', 'C']",4
18067-91921,919215741319732,15,"['C', 'C', 'C', 'D', 'A']","['C', 'C', 'C', 'D', 'A']",5
18067-91921,180672638373464,15,"['C', 'C', 'C', 'D', 'A']","['C', 'C', 'C', 'D', 'A']",5
18067-91921,919215741319732,16,"['A', 'D', 'B', 'D', 'C']","['A', 'D', 'B', 'D', 'C']",5
18067-91921,180672638373464,16,"['C', 'D', 'Nada', 'D', 'C']","['A', 'D', 'B', 'D', 'C']",3
18067-91921,919215741319732,17,"['C', 'D', 'C', 'C', 'B']","['C', 'D', 'A', 'C', 'B']",4
18067-91921,180672638373464,17,"['C', 'D', 'C', 'C', 'B']","['C', 'D', 'A', 'C', 'B']",4
18067-91921,180672638373464,18,"['D', 'C', 'D', 'C', 'Nada']","['D', 'C', 'B', 'C', 'C']",3
18067-91921,919215741319732,18,"['D', 'C', 'D', 'C', 'C']","['D', 'C', 'B', 'C', 'C']",4
18067-91921,180672638373464,19,"['B', 'B', 'C', 'C', 'D']","['B', 'B', 'A', 'A', 'D']",3
18067-91921,919215741319732,19,"['B', 'B', 'A', 'A', 'D']","['B', 'B', 'A', 'A', 'D']",5
18067-91921,919215741319732,20,"['B', 'A', 'C', 'A', 'D']","['B', 'A', 'C', 'A', 'D']",5
18067-91921,180672638373464,20,"['B', 'C', 'C', 'C', 'D']","['B', 'A', 'C', 'A', 'D']",3
18067-91921,919215741319732,21,"['B', 'C', 'D', 'B', 'C']","['B', 'C', 'D', 'B', 'C']",5
18067-91921,180672638373464,21,"['B', 'C', 'D', 'B', 'C']","['B', 'C', 'D', 'B', 'C']",5
18067-91921,180672638373464,22,"['D', 'C', 'Nada', 'D', 'C']","['D', 'C', 'D', 'D', 'C']",4
18067-91921,919215741319732,22,"['D', 'C', 'D', 'D', 'C']","['D', 'C', 'D', 'D', 'C']",5
18067-91921,180672638373464,23,"['C', 'B', 'D', 'A', 'A']","['C', 'C', 'D', 'A', 'A']",4
18067-91921,919215741319732,23,"['C', 'C', 'D', 'A', 'A']","['C', 'C', 'D', 'A', 'A']",5
18067-91921,180672638373464,24,"['A', 'C', 'D', 'D', 'D']","['A', 'C', 'D', 'D', 'D']",5
18067-91921,919215741319732,24,"['A', 'C', 'D', 'D', 'D']","['A', 'C', 'D', 'D', 'D']",5
18067-91921,180672638373464,25,"['B', 'A', 'A', 'A', 'C']","['B', 'A', 'A', 'A', 'C']",5
18067-91921,919215741319732,25,"['B', 'A', 'A', 'A', 'C']","['B', 'A', 'A', 'A', 'C']",5
12379-51238,123795257479166,2,"['C', 'A', 'A', 'A', 'C']","['C', 'A', 'A', 'A', 'C']",5
12379-51238,512381829158551,2,"['D', 'D', 'B', 'D', 'D']","['B', 'D', 'B', 'D', 'D']",4
12379-51238,123795257479166,3,"['C', 'C', 'C', 'A', 'A']","['C', 'C', 'C', 'C', 'A']",4
12379-51238,512381829158551,3,"['D', 'B', 'D', 'D', 'B']","['D', 'B', 'D', 'D', 'B']",5
12379-51238,123795257479166,4,"['C', 'C', 'C', 'A', 'A']","['C', 'C', 'C', 'C', 'A']",4
12379-51238,512381829158551,4,"['D', 'D', 'D', 'D', 'D']","['D', 'D', 'D', 'D', 'B']",4
12379-51238,123795257479166,5,"['C', 'C', 'C', 'A', 'A']","['C', 'C', 'A', 'A', 'A']",4
12379-51238,512381829158551,5,"['D', 'B', 'D', 'B', 'B']","['D', 'B', 'D', 'B', 'B']",5
12379-51238,123795257479166,6,"['C', 'C', 'A', 'A', 'C']","['C', 'C', 'A', 'A', 'C']",5
12379-51238,512381829158551,6,"['B', 'B', 'D', 'B', 'D']","['B', 'B', 'D', 'B', 'D']",5
12379-51238,512381829158551,7,"['D', 'D', 'B', 'B', 'B']","['D', 'D', 'B', 'B', 'B']",5
12379-51238,123795257479166,7,"['A', 'A', 'A', 'C', 'A']","['A', 'A', 'A', 'A', 'A']",4
12379-51238,512381829158551,8,"['D', 'D', 'B', 'B', 'B']","['D', 'D', 'B', 'B', 'B']",5
12379-51238,123795257479166,8,"['A', 'C', 'C', 'C', 'A']","['A', 'C', 'C', 'C', 'A']",5
12379-51238,512381829158551,9,"['D', 'B', 'B', 'D', 'D']","['D', 'B', 'B', 'D', 'D']",5
12379-51238,123795257479166,9,"['A', 'A', 'C', 'C', 'C']","['A', 'A', 'C', 'C', 'C']",5
12379-51238,512381829158551,10,"['B', 'D', 'D', 'D', 'D']","['B', 'D', 'D', 'D', 'D']",5
12379-51238,123795257479166,10,"['C', 'C', 'C', 'A', 'C']","['C', 'C', 'C', 'A', 'C']",5
12379-51238,512381829158551,11,"['D', 'D', 'B', 'D', 'B']","['D', 'D', 'B', 'D', 'B']",5
12379-51238,123795257479166,11,"['A', 'C', 'C', 'C', 'A']","['A', 'C', 'C', 'C', 'A']",5
12379-51238,123795257479166,12,"['A', 'C', 'C', 'C', 'C']","['A', 'C', 'C', 'C', 'C']",5
12379-51238,512381829158551,12,"['B', 'D', 'D', 'D', 'B']","['B', 'D', 'D', 'D', 'B']",5
12379-51238,123795257479166,13,"['C', 'A', 'A', 'C', 'C']","['C', 'A', 'A', 'C', 'C']",5
12379-51238,512381829158551,13,"['B', 'D', 'D', 'B', 'B']","['B', 'D', 'D', 'B', 'B']",5
12379-51238,123795257479166,14,"['C', 'C', 'C', 'A', 'A']","['C', 'C', 'C', 'A', 'A']",5
12379-51238,512381829158551,14,"['D', 'B', 'D', 'D', 'B']","['D', 'B', 'D', 'D', 'B']",5
12379-51238,512381829158551,15,"['B', 'D', 'B', 'D', 'B']","['B', 'D', 'B', 'D', 'B']",5
12379-51238,123795257479166,15,"['C', 'C', 'A', 'A', 'A']","['C', 'A', 'A', 'A', 'A']",4
12379-51238,123795257479166,16,"['C', 'A', 'C', 'C', 'C']","['C', 'A', 'C', 'C', 'C']",5
12379-51238,512381829158551,16,"['D', 'D', 'B', 'D', 'B']","['D', 'D', 'B', 'D', 'B']",5
12379-51238,512381829158551,17,"['B', 'B', 'B', 'D', 'B']","['B', 'B', 'B', 'D', 'B']",5
12379-51238,123795257479166,17,"['C', 'C', 'C', 'A', 'C']","['C', 'C', 'C', 'A', 'C']",5
12379-51238,123795257479166,18,"['A', 'A', 'A', 'C', 'A']","['A', 'A', 'A', 'C', 'A']",5
12379-51238,512381829158551,18,"['D', 'D', 'B', 'D', 'B']","['D', 'D', 'B', 'D', 'B']",5
12379-51238,512381829158551,19,"['D', 'D', 'D', 'D', 'B']","['D', 'D', 'D', 'D', 'B']",5
12379-51238,123795257479166,19,"['C', 'C', 'C', 'A', 'A']","['C', 'C', 'C', 'A', 'A']",5
12379-51238,123795257479166,20,"['C', 'C', 'C', 'C', 'A']","['C', 'C', 'C', 'C', 'A']",5
12379-51238,512381829158551,20,"['D', 'B', 'B', 'B', 'D']","['D', 'B', 'B', 'B', 'D']",5
12379-51238,123795257479166,21,"['C', 'A', 'C', 'C', 'C']","['C', 'A', 'C', 'C', 'C']",5
12379-51238,512381829158551,21,"['B', 'B', 'B', 'B', 'D']","['B', 'B', 'B', 'B', 'D']",5
12379-51238,123795257479166,22,"['C', 'A', 'A', 'A', 'A']","['C', 'A', 'A', 'A', 'A']",5
12379-51238,512381829158551,22,"['D', 'D', 'B', 'B', 'D']","['D', 'D', 'B', 'B', 'D']",5
12379-51238,123795257479166,23,"['A', 'C', 'C', 'A', 'A']","['A', 'C', 'C', 'A', 'A']",5
12379-51238,512381829158551,23,"['D', 'B', 'D', 'D', 'D']","['D', 'B', 'D', 'D', 'D']",5
12379-51238,123795257479166,24,"['C', 'A', 'A', 'A', 'A']","['C', 'A', 'A', 'A', 'A']",5
12379-51238,512381829158551,24,"['B', 'D', 'D', 'B', 'D']","['B', 'D', 'D', 'B', 'D']",5
12379-51238,123795257479166,25,"['C', 'C', 'C', 'A', 'C']","['C', 'C', 'C', 'A', 'C']",5
12379-51238,512381829158551,25,"['B', 'B', 'D', 'D', 'B']","['B', 'B', 'D', 'D', 'B']",5
12379-51238,123795257479166,1,"['D', 'A', 'B', 'A', 'C']","['D', 'A', 'B', 'A', 'D']",4
12379-51238,512381829158551,1,"['D', 'A', 'B', 'A', 'D']","['D', 'A', 'B', 'A', 'D']",5
12379-51238,123795257479166,2,"['A', 'C', 'C', 'A', 'D']","['A', 'D', 'C', 'A', 'B']",3
12379-51238,512381829158551,2,"['A', 'D', 'C', 'A', 'B']","['A', 'D', 'C', 'A', 'B']",5
12379-51238,512381829158551,3,"['D', 'D', 'C', 'B', 'A']","['D', 'D', 'C', 'B', 'A']",5
12379-51238,123795257479166,3,"['B', 'Nada', 'C', 'D', 'A']","['D', 'D', 'C', 'B', 'A']",2
12379-51238,123795257479166,4,"['B', 'B', 'D', 'D', 'A']","['B', 'B', 'D', 'B', 'A']",4
12379-51238,512381829158551,4,"['B', 'B', 'D', 'B', 'A']","['B', 'B', 'D', 'B', 'A']",5
12379-51238,123795257479166,5,"['C', 'D', 'D', 'B', 'C']","['B', 'D', 'B', 'B', 'C']",3
12379-51238,512381829158551,5,"['B', 'D', 'B', 'B', 'A']","['B', 'D', 'B', 'B', 'C']",4
12379-51238,123795257479166,6,"['B', 'B', 'C', 'D', 'Nada']","['B', 'B', 'C', 'D', 'B']",4
12379-51238,512381829158551,6,"['B', 'B', 'C', 'D', 'D']","['B', 'B', 'C', 'D', 'B']",4
12379-51238,123795257479166,7,"['C', 'C', 'B', 'A', 'D']","['C', 'C', 'B', 'A', 'D']",5
12379-51238,512381829158551,7,"['C', 'C', 'B', 'A', 'D']","['C', 'C', 'B', 'A', 'D']",5
12379-51238,123795257479166,8,"['D', 'C', 'B', 'D', 'C']","['D', 'C', 'B', 'D', 'C']",5
12379-51238,512381829158551,8,"['D', 'C', 'B', 'D', 'C']","['D', 'C', 'B', 'D', 'C']",5
12379-51238,123795257479166,9,"['D', 'B', 'B', 'A', 'B']","['D', 'B', 'B', 'A', 'B']",5
12379-51238,512381829158551,9,"['D', 'B', 'B', 'A', 'B']","['D', 'B', 'B', 'A', 'B']",5
12379-51238,123795257479166,10,"['D', 'D', 'B', 'A', 'B']","['D', 'D', 'B', 'A', 'B']",5
12379-51238,512381829158551,10,"['D', 'D', 'B', 'A', 'B']","['D', 'D', 'B', 'A', 'B']",5
12379-51238,123795257479166,11,"['B', 'A', 'A', 'B', 'C']","['B', 'A', 'A', 'B', 'C']",5
12379-51238,512381829158551,11,"['B', 'A', 'A', 'B', 'C']","['B', 'A', 'A', 'B', 'C']",5
12379-51238,123795257479166,12,"['A', 'C', 'A', 'A', 'A']","['A', 'C', 'A', 'A', 'A']",5
12379-51238,512381829158551,12,"['C', 'C', 'C', 'C', 'C']","['A', 'C', 'A', 'A', 'A']",1
12379-51238,123795257479166,13,"['A', 'B', 'A', 'A', 'B']","['A', 'B', 'A', 'A', 'B']",5
12379-51238,512381829158551,13,"['A', 'B', 'A', 'A', 'B']","['A', 'B', 'A', 'A', 'B']",5
12379-51238,123795257479166,14,"['A', 'C', 'D', 'B', 'A']","['A', 'C', 'B', 'B', 'C']",3
12379-51238,512381829158551,14,"['A', 'C', 'B', 'B', 'A']","['A', 'C', 'B', 'B', 'C']",4
12379-51238,123795257479166,15,"['A', 'C', 'C', 'D', 'C']","['A', 'C', 'C', 'D', 'C']",5
12379-51238,512381829158551,15,"['A', 'C', 'A', 'D', 'A']","['A', 'C', 'C', 'D', 'C']",3
12379-51238,123795257479166,16,"['D', 'C', 'A', 'B', 'D']","['D', 'C', 'A', 'B', 'D']",5
12379-51238,512381829158551,16,"['D', 'C', 'A', 'B', 'D']","['D', 'C', 'A', 'B', 'D']",5
12379-51238,123795257479166,17,"['D', 'A', 'A', 'D', 'C']","['D', 'A', 'A', 'D', 'C']",5
12379-51238,512381829158551,17,"['D', 'A', 'C', 'D', 'C']","['D', 'A', 'A', 'D', 'C']",4
12379-51238,123795257479166,18,"['B', 'A', 'C', 'A', 'A']","['B', 'A', 'C', 'A', 'A']",5
12379-51238,512381829158551,18,"['B', 'C', 'C', 'A', 'A']","['B', 'A', 'C', 'A', 'A']",4
12379-51238,123795257479166,19,"['A', 'D', 'A', 'C', 'D']","['A', 'D', 'A', 'C', 'B']",4
12379-51238,512381829158551,19,"['A', 'D', 'C', 'C', 'B']","['A', 'D', 'A', 'C', 'B']",4
12379-51238,123795257479166,20,"['D', 'A', 'A', 'A', 'B']","['D', 'A', 'A', 'A', 'B']",5
12379-51238,512381829158551,20,"['D', 'A', 'C', 'A', 'B']","['D', 'A', 'A', 'A', 'B']",4
12379-51238,123795257479166,21,"['A', 'C', 'A', 'A', 'D']","['A', 'C', 'A', 'A', 'D']",5
12379-51238,512381829158551,21,"['A', 'C', 'A', 'A', 'D']","['A', 'C', 'A', 'A', 'D']",5
12379-51238,123795257479166,22,"['A', 'A', 'C', 'C', 'D']","['A', 'A', 'C', 'C', 'D']",5
12379-51238,512381829158551,22,"['A', 'A', 'C', 'A', 'D']","['A', 'A', 'C', 'C', 'D']",4
12379-51238,123795257479166,23,"['D', 'C', 'C', 'D', 'A']","['D', 'C', 'C', 'D', 'A']",5
12379-51238,512381829158551,23,"['D', 'C', 'C', 'D', 'A']","['D', 'C', 'C', 'D', 'A']",5
12379-51238,123795257479166,24,"['A', 'D', 'D', 'C', 'D']","['A', 'D', 'D', 'C', 'D']",5
12379-51238,512381829158551,24,"['A', 'D', 'D', 'C', 'Nada']","['A', 'D', 'D', 'C', 'D']",4
12379-51238,123795257479166,25,"['B', 'B', 'D', 'D', 'A']","['B', 'B', 'D', 'D', 'A']",5
12379-51238,512381829158551,25,"['B', 'B', 'D', 'D', 'A']","['B', 'B', 'D', 'D', 'A']",5
84379-84946,843798347728775,1,"['C', 'A', 'A', 'C', 'C']","['A', 'C', 'A', 'C', 'C']",3
84379-84946,849465825727611,2,"['D', 'D', 'B', 'D', 'B']","['B', 'D', 'B', 'D', 'D']",3
84379-84946,843798347728775,2,"['C', 'A', 'A', 'A', 'C']","['C', 'A', 'A', 'A', 'C']",5
84379-84946,849465825727611,3,"['B', 'D', 'B', 'B', 'B']","['B', 'D', 'B', 'B', 'D']",4
84379-84946,843798347728775,3,"['A', 'C', 'C', 'A', 'C']","['C', 'A', 'C', 'A', 'C']",3
84379-84946,843798347728775,4,"['C', 'A', 'C', 'C', 'C']","['C', 'A', 'C', 'A', 'C']",4
84379-84946,849465825727611,4,"['B', 'D', 'D', 'B', 'B']","['B', 'B', 'D', 'B', 'B']",4
84379-84946,849465825727611,5,"['D', 'B', 'B', 'B', 'D']","['D', 'B', 'B', 'B', 'D']",5
84379-84946,843798347728775,5,"['C', 'A', 'C', 'A', 'A']","['C', 'A', 'A', 'A', 'A']",4
84379-84946,849465825727611,6,"['D', 'D', 'B', 'B', 'B']","['D', 'D', 'B', 'B', 'B']",5
84379-84946,843798347728775,6,"['C', 'A', 'A', 'A', 'C']","['A', 'C', 'A', 'A', 'A']",2
84379-84946,849465825727611,7,"['D', 'D', 'D', 'B', 'B']","['D', 'D', 'D', 'B', 'B']",5
84379-84946,843798347728775,7,"['C', 'C', 'C', 'C', 'C']","['C', 'A', 'C', 'C', 'C']",4
84379-84946,849465825727611,8,"['D', 'B', 'B', 'D', 'B']","['D', 'B', 'B', 'D', 'B']",5
84379-84946,843798347728775,8,"['C', 'C', 'A', 'C', 'A']","['C', 'A', 'A', 'C', 'A']",4
84379-84946,849465825727611,9,"['B', 'B', 'B', 'D', 'B']","['B', 'B', 'B', 'D', 'B']",5
84379-84946,843798347728775,9,"['A', 'A', 'C', 'C', 'C']","['A', 'A', 'C', 'A', 'C']",4
84379-84946,849465825727611,10,"['B', 'D', 'B', 'D', 'D']","['B', 'D', 'B', 'D', 'D']",5
84379-84946,843798347728775,10,"['A', 'C', 'A', 'A', 'C']","['A', 'C', 'A', 'A', 'A']",4
84379-84946,849465825727611,11,"['D', 'B', 'D', 'D', 'D']","['D', 'B', 'D', 'D', 'D']",5
84379-84946,843798347728775,11,"['C', 'A', 'C', 'C', 'C']","['A', 'C', 'C', 'C', 'A']",2
84379-84946,849465825727611,12,"['B', 'B', 'D', 'B', 'B']","['B', 'B', 'D', 'B', 'B']",5
84379-84946,843798347728775,12,"['C', 'C', 'C', 'C', 'C']","['C', 'C', 'C', 'A', 'C']",4
84379-84946,849465825727611,13,"['B', 'D', 'D', 'B', 'D']","['B', 'D', 'D', 'B', 'D']",5
84379-84946,843798347728775,13,"['C', 'C', 'A', 'C', 'A']","['C', 'C', 'A', 'C', 'A']",5
84379-84946,849465825727611,14,"['B', 'B', 'D', 'D', 'D']","['B', 'B', 'D', 'D', 'D']",5
84379-84946,843798347728775,14,"['C', 'C', 'C', 'A', 'A']","['C', 'C', 'C', 'A', 'A']",5
84379-84946,849465825727611,15,"['D', 'D', 'B', 'D', 'B']","['D', 'D', 'B', 'D', 'B']",5
84379-84946,843798347728775,15,"['A', 'A', 'C', 'A', 'C']","['A', 'A', 'C', 'A', 'C']",5
84379-84946,849465825727611,16,"['D', 'B', 'B', 'B', 'D']","['D', 'B', 'B', 'B', 'D']",5
84379-84946,843798347728775,16,"['A', 'C', 'A', 'C', 'C']","['C', 'A', 'C', 'A', 'A']",0
84379-84946,849465825727611,17,"['B', 'D', 'D', 'D', 'D']","['B', 'D', 'D', 'D', 'D']",5
84379-84946,843798347728775,17,"['C', 'C', 'A', 'C', 'C']","['C', 'C', 'C', 'C', 'C']",4
84379-84946,849465825727611,18,"['B', 'D', 'B', 'D', 'B']","['B', 'D', 'B', 'D', 'B']",5
84379-84946,843798347728775,18,"['A', 'C', 'C', 'C', 'C']","['A', 'C', 'C', 'C', 'A']",4
84379-84946,843798347728775,19,"['C', 'C', 'C', 'A', 'C']","['C', 'C', 'C', 'A', 'A']",4
84379-84946,849465825727611,19,"['B', 'D', 'D', 'D', 'B']","['B', 'D', 'D', 'D', 'B']",5
84379-84946,843798347728775,20,"['C', 'C', 'C', 'A', 'A']","['C', 'C', 'C', 'A', 'A']",5
84379-84946,849465825727611,20,"['B', 'B', 'D', 'B', 'B']","['B', 'B', 'D', 'B', 'B']",5
84379-84946,849465825727611,21,"['D', 'B', 'B', 'D', 'D']","['D', 'B', 'B', 'D', 'D']",5
84379-84946,843798347728775,21,"['C', 'A', 'A', 'A', 'A']","['C', 'A', 'A', 'A', 'A']",5
84379-84946,843798347728775,22,"['C', 'A', 'A', 'C', 'C']","['C', 'A', 'A', 'C', 'A']",4
84379-84946,849465825727611,22,"['D', 'B', 'B', 'D', 'D']","['D', 'B', 'B', 'D', 'D']",5
84379-84946,849465825727611,23,"['D', 'B', 'D', 'D', 'B']","['D', 'B', 'D', 'D', 'B']",5
84379-84946,843798347728775,23,"['C', 'C', 'C', 'C', 'A']","['C', 'C', 'A', 'C', 'A']",4
84379-84946,843798347728775,24,"['A', 'A', 'C', 'C', 'A']","['A', 'A', 'C', 'A', 'C']",3
84379-84946,849465825727611,24,"['D', 'B', 'D', 'B', 'B']","['D', 'B', 'D', 'B', 'B']",5
84379-84946,849465825727611,25,"['B', 'B', 'B', 'D', 'B']","['B', 'B', 'B', 'D', 'B']",5
84379-84946,843798347728775,25,"['A', 'A', 'C', 'C', 'A']","['A', 'A', 'C', 'C', 'A']",5
84379-84946,849465825727611,1,"['A', 'D', 'C', 'D', 'D']","['A', 'D', 'A', 'D', 'D']",4
84379-84946,843798347728775,1,"['A', 'C', 'C', 'D', 'D']","['A', 'D', 'A', 'D', 'D']",3
84379-84946,849465825727611,2,"['B', 'D', 'D', 'A', 'A']","['B', 'D', 'D', 'A', 'A']",5
84379-84946,843798347728775,2,"['C', 'C', 'D', 'A', 'A']","['B', 'D', 'D', 'A', 'A']",3
84379-84946,849465825727611,3,"['D', 'C', 'B', 'A', 'A']","['D', 'C', 'B', 'A', 'A']",5
84379-84946,843798347728775,3,"['A', 'C', 'D', 'A', 'A']","['D', 'C', 'B', 'A', 'A']",3
84379-84946,849465825727611,4,"['A', 'B', 'B', 'C', 'B']","['A', 'B', 'B', 'C', 'B']",5
84379-84946,843798347728775,5,"['C', 'A', 'C', 'D', 'C']","['C', 'A', 'C', 'D', 'C']",5
84379-84946,849465825727611,5,"['A', 'A', 'C', 'D', 'C']","['C', 'A', 'C', 'D', 'C']",4
84379-84946,849465825727611,6,"['C', 'B', 'A', 'C', 'C']","['C', 'B', 'A', 'C', 'C']",5
84379-84946,843798347728775,6,"['C', 'B', 'A', 'C', 'C']","['C', 'B', 'A', 'C', 'C']",5
84379-84946,849465825727611,7,"['C', 'C', 'D', 'B', 'D']","['C', 'C', 'D', 'B', 'D']",5
84379-84946,843798347728775,7,"['C', 'C', 'D', 'B', 'D']","['C', 'C', 'D', 'B', 'D']",5
84379-84946,849465825727611,8,"['D', 'A', 'D', 'D', 'C']","['D', 'A', 'D', 'D', 'C']",5
84379-84946,843798347728775,8,"['D', 'A', 'D', 'D', 'C']","['D', 'A', 'D', 'D', 'C']",5
84379-84946,849465825727611,9,"['B', 'C', 'D', 'A', 'B']","['B', 'C', 'D', 'A', 'B']",5
84379-84946,843798347728775,9,"['D', 'C', 'D', 'A', 'B']","['B', 'C', 'D', 'A', 'B']",4
84379-84946,849465825727611,10,"['B', 'B', 'A', 'C', 'B']","['B', 'B', 'A', 'C', 'B']",5
84379-84946,843798347728775,10,"['D', 'B', 'A', 'C', 'A']","['B', 'B', 'A', 'C', 'B']",3
84379-84946,849465825727611,11,"['B', 'C', 'D', 'B', 'A']","['B', 'C', 'D', 'B', 'A']",5
84379-84946,843798347728775,11,"['B', 'C', 'B', 'D', 'A']","['B', 'C', 'D', 'B', 'A']",3
84379-84946,849465825727611,12,"['C', 'C', 'B', 'C', 'B']","['C', 'C', 'B', 'C', 'B']",5
84379-84946,843798347728775,12,"['C', 'C', 'D', 'C', 'D']","['C', 'C', 'B', 'C', 'B']",3
84379-84946,843798347728775,13,"['A', 'C', 'C', 'C', 'D']","['A', 'C', 'C', 'C', 'D']",5
84379-84946,849465825727611,13,"['A', 'C', 'C', 'C', 'D']","['A', 'C', 'C', 'C', 'D']",5
84379-84946,843798347728775,14,"['A', 'A', 'C', 'C', 'C']","['A', 'A', 'C', 'C', 'A']",4
84379-84946,849465825727611,14,"['A', 'A', 'C', 'C', 'C']","['A', 'A', 'C', 'C', 'A']",4
84379-84946,849465825727611,15,"['D', 'B', 'D', 'A', 'D']","['D', 'B', 'D', 'C', 'D']",4
84379-84946,843798347728775,15,"['D', 'B', 'D', 'C', 'D']","['D', 'B', 'D', 'C', 'D']",5
84379-84946,849465825727611,16,"['B', 'C', 'A', 'D', 'A']","['B', 'C', 'A', 'D', 'A']",5
84379-84946,843798347728775,16,"['B', 'C', 'A', 'D', 'A']","['B', 'C', 'A', 'D', 'A']",5
84379-84946,849465825727611,17,"['A', 'C', 'A', 'A', 'B']","['A', 'C', 'A', 'A', 'B']",5
84379-84946,843798347728775,17,"['A', 'C', 'A', 'A', 'B']","['A', 'C', 'A', 'A', 'B']",5
84379-84946,849465825727611,18,"['C', 'D', 'A', 'C', 'B']","['C', 'D', 'A', 'C', 'B']",5
84379-84946,843798347728775,18,"['C', 'B', 'A', 'C', 'D']","['C', 'D', 'A', 'C', 'B']",3
84379-84946,849465825727611,19,"['A', 'A', 'C', 'C', 'D']","['A', 'A', 'C', 'A', 'D']",4
84379-84946,843798347728775,19,"['A', 'A', 'C', 'A', 'B']","['A', 'A', 'C', 'A', 'D']",4
84379-84946,843798347728775,20,"['C', 'B', 'B', 'A', 'A']","['C', 'B', 'B', 'A', 'A']",5
84379-84946,849465825727611,20,"['C', 'B', 'B', 'A', 'A']","['C', 'B', 'B', 'A', 'A']",5
84379-84946,843798347728775,21,"['C', 'A', 'A', 'D', 'A']","['C', 'A', 'A', 'D', 'A']",5
84379-84946,849465825727611,21,"['C', 'A', 'A', 'D', 'A']","['C', 'A', 'A', 'D', 'A']",5
84379-84946,849465825727611,22,"['D', 'A', 'C', 'B', 'A']","['D', 'A', 'C', 'B', 'C']",4
84379-84946,843798347728775,22,"['D', 'A', 'C', 'B', 'C']","['D', 'A', 'C', 'B', 'C']",5
84379-84946,849465825727611,23,"['C', 'A', 'C', 'D', 'D']","['C', 'A', 'C', 'D', 'D']",5
84379-84946,843798347728775,23,"['C', 'A', 'C', 'D', 'D']","['C', 'A', 'C', 'D', 'D']",5
84379-84946,849465825727611,24,"['C', 'A', 'A', 'D', 'A']","['C', 'A', 'A', 'D', 'A']",5
84379-84946,843798347728775,24,"['C', 'A', 'A', 'D', 'A']","['C', 'A', 'A', 'D', 'A']",5
84379-84946,849465825727611,25,"['A', 'D', 'B', 'B', 'D']","['A', 'D', 'B', 'B', 'D']",5
84379-84946,843798347728775,25,"['A', 'D', 'D', 'B', 'B']","['A', 'D', 'B', 'B', 'D']",3
78126-35572,355721802475635,2,"['D', 'D', 'B', 'D', 'D']","['D', 'D', 'B', 'D', 'D']",5
78126-35572,355721802475635,3,"['B', 'B', 'D', 'B', 'B']","['B', 'B', 'D', 'B', 'B']",5
78126-35572,355721802475635,4,"['D', 'B', 'B', 'B', 'B']","['D', 'B', 'B', 'B', 'B']",5
78126-35572,781261847597636,4,"['C', 'C', 'C', 'C', 'C']","['A', 'A', 'C', 'C', 'C']",3
78126-35572,355721802475635,5,"['B', 'D', 'D', 'D', 'D']","['B', 'D', 'D', 'D', 'D']",5
78126-35572,781261847597636,5,"['C', 'C', 'A', 'A', 'C']","['C', 'C', 'C', 'A', 'A']",3
78126-35572,355721802475635,6,"['B', 'D', 'B', 'B', 'D']","['B', 'D', 'B', 'B', 'D']",5
78126-35572,781261847597636,6,"['A', 'C', 'A', 'C', 'C']","['A', 'A', 'A', 'C', 'C']",4
78126-35572,355721802475635,7,"['B', 'D', 'D', 'B', 'B']","['B', 'D', 'D', 'B', 'B']",5
78126-35572,781261847597636,7,"['A', 'C', 'C', 'C', 'C']","['A', 'C', 'C', 'C', 'C']",5
78126-35572,355721802475635,8,"['D', 'D', 'D', 'B', 'D']","['D', 'D', 'D', 'B', 'D']",5
78126-35572,781261847597636,8,"['C', 'C', 'C', 'A', 'C']","['A', 'C', 'C', 'A', 'C']",4
78126-35572,355721802475635,9,"['B', 'B', 'D', 'B', 'B']","['B', 'B', 'D', 'B', 'B']",5
78126-35572,781261847597636,9,"['C', 'A', 'A', 'A', 'C']","['C', 'A', 'A', 'A', 'C']",5
78126-35572,355721802475635,10,"['B', 'B', 'D', 'B', 'D']","['B', 'D', 'D', 'B', 'D']",4
78126-35572,781261847597636,10,"['A', 'C', 'A', 'C', 'A']","['A', 'A', 'A', 'C', 'A']",4
78126-35572,355721802475635,11,"['D', 'D', 'D', 'B', 'B']","['D', 'D', 'D', 'B', 'B']",5
78126-35572,781261847597636,11,"['C', 'A', 'C', 'C', 'C']","['C', 'A', 'C', 'C', 'C']",5
78126-35572,355721802475635,12,"['D', 'B', 'B', 'D', 'B']","['B', 'D', 'D', 'B', 'D']",0
78126-35572,781261847597636,12,"['C', 'C', 'A', 'A', 'A']","['C', 'C', 'A', 'A', 'A']",5
78126-35572,355721802475635,13,"['D', 'D', 'B', 'B', 'D']","['D', 'D', 'B', 'B', 'D']",5
78126-35572,781261847597636,13,"['A', 'A', 'A', 'C', 'A']","['A', 'A', 'A', 'C', 'A']",5
78126-35572,355721802475635,14,"['D', 'B', 'B', 'D', 'D']","['D', 'B', 'B', 'D', 'D']",5
78126-35572,781261847597636,14,"['A', 'C', 'A', 'A', 'A']","['A', 'C', 'A', 'A', 'A']",5
78126-35572,781261847597636,15,"['C', 'C', 'C', 'A', 'C']","['C', 'C', 'C', 'A', 'C']",5
78126-35572,355721802475635,15,"['B', 'D', 'D', 'D', 'B']","['B', 'D', 'D', 'D', 'B']",5
78126-35572,355721802475635,16,"['D', 'D', 'D', 'D', 'B']","['D', 'D', 'D', 'D', 'B']",5
78126-35572,781261847597636,16,"['C', 'C', 'A', 'C', 'C']","['C', 'C', 'A', 'A', 'C']",4
78126-35572,355721802475635,17,"['B', 'D', 'D', 'B', 'D']","['B', 'D', 'D', 'B', 'D']",5
78126-35572,781261847597636,17,"['C', 'C', 'C', 'C', 'A']","['C', 'C', 'A', 'C', 'A']",4
78126-35572,781261847597636,18,"['C', 'C', 'A', 'A', 'A']","['C', 'C', 'A', 'A', 'A']",5
78126-35572,355721802475635,18,"['B', 'D', 'D', 'D', 'D']","['B', 'D', 'D', 'D', 'D']",5
78126-35572,781261847597636,19,"['C', 'A', 'C', 'A', 'C']","['C', 'A', 'C', 'A', 'C']",5
78126-35572,355721802475635,19,"['B', 'D', 'B', 'B', 'D']","['B', 'D', 'B', 'B', 'D']",5
78126-35572,355721802475635,20,"['B', 'D', 'D', 'D', 'D']","['B', 'D', 'D', 'D', 'D']",5
78126-35572,781261847597636,20,"['A', 'A', 'A', 'C', 'A']","['A', 'A', 'A', 'C', 'A']",5
78126-35572,355721802475635,21,"['D', 'B', 'D', 'B', 'B']","['D', 'B', 'D', 'B', 'B']",5
78126-35572,781261847597636,21,"['C', 'A', 'A', 'A', 'C']","['C', 'A', 'A', 'A', 'C']",5
78126-35572,355721802475635,22,"['D', 'D', 'B', 'D', 'B']","['D', 'D', 'B', 'D', 'B']",5
78126-35572,781261847597636,22,"['C', 'C', 'A', 'C', 'A']","['C', 'C', 'A', 'C', 'A']",5
78126-35572,355721802475635,23,"['B', 'D', 'B', 'B', 'B']","['B', 'D', 'B', 'B', 'B']",5
78126-35572,781261847597636,23,"['A', 'A', 'A', 'A', 'C']","['A', 'A', 'A', 'A', 'C']",5
78126-35572,781261847597636,24,"['C', 'A', 'A', 'A', 'C']","['C', 'A', 'A', 'A', 'C']",5
78126-35572,355721802475635,24,"['B', 'D', 'B', 'D', 'D']","['B', 'D', 'B', 'D', 'D']",5
78126-35572,781261847597636,25,"['C', 'A', 'C', 'C', 'A']","['C', 'A', 'C', 'C', 'A']",5
78126-35572,355721802475635,25,"['D', 'D', 'B', 'B', 'B']","['D', 'D', 'B', 'B', 'B']",5
78126-35572,355721802475635,1,"['A', 'D', 'B', 'D', 'D']","['C', 'D', 'B', 'D', 'D']",4
78126-35572,781261847597636,2,"['B', 'D', 'B', 'C', 'A']","['D', 'B', 'D', 'C', 'A']",2
78126-35572,355721802475635,2,"['D', 'B', 'D', 'A', 'C']","['D', 'B', 'D', 'C', 'A']",3
78126-35572,355721802475635,3,"['B', 'A', 'D', 'C', 'D']","['B', 'A', 'D', 'C', 'D']",5
78126-35572,781261847597636,5,"['A', 'D', 'B', 'D', 'C']","['A', 'D', 'B', 'D', 'C']",5
78126-35572,355721802475635,5,"['C', 'D', 'B', 'D', 'A']","['A', 'D', 'B', 'D', 'C']",3
78126-35572,355721802475635,6,"['A', 'A', 'C', 'B', 'D']","['A', 'A', 'C', 'B', 'D']",5
78126-35572,781261847597636,6,"['A', 'A', 'C', 'B', 'D']","['A', 'A', 'C', 'B', 'D']",5
78126-35572,781261847597636,7,"['C', 'D', 'C', 'A', 'D']","['C', 'B', 'C', 'A', 'D']",4
78126-35572,355721802475635,7,"['C', 'B', 'C', 'A', 'D']","['C', 'B', 'C', 'A', 'D']",5
78126-35572,355721802475635,8,"['C', 'D', 'B', 'D', 'A']","['C', 'D', 'B', 'D', 'A']",5
78126-35572,781261847597636,8,"['C', 'D', 'B', 'D', 'D']","['C', 'D', 'B', 'D', 'A']",4
78126-35572,355721802475635,9,"['C', 'C', 'A', 'A', 'D']","['A', 'C', 'A', 'A', 'D']",4
78126-35572,781261847597636,9,"['A', 'C', 'C', 'A', 'D']","['A', 'C', 'A', 'A', 'D']",4
78126-35572,781261847597636,10,"['C', 'D', 'B', 'A', 'D']","['C', 'D', 'B', 'A', 'D']",5
78126-35572,355721802475635,10,"['C', 'D', 'B', 'A', 'D']","['C', 'D', 'B', 'A', 'D']",5
78126-35572,355721802475635,11,"['C', 'C', 'A', 'A', 'A']","['C', 'A', 'A', 'A', 'A']",4
78126-35572,781261847597636,11,"['C', 'A', 'A', 'A', 'A']","['C', 'A', 'A', 'A', 'A']",5
78126-35572,355721802475635,12,"['B', 'A', 'B', 'B', 'B']","['B', 'A', 'B', 'B', 'B']",5
78126-35572,781261847597636,12,"['B', 'A', 'B', 'B', 'B']","['B', 'A', 'B', 'B', 'B']",5
78126-35572,781261847597636,13,"['C', 'D', 'B', 'A', 'D']","['C', 'D', 'B', 'A', 'D']",5
78126-35572,355721802475635,13,"['C', 'D', 'B', 'A', 'D']","['C', 'D', 'B', 'A', 'D']",5
78126-35572,355721802475635,14,"['D', 'C', 'B', 'D', 'A']","['D', 'C', 'B', 'D', 'A']",5
78126-35572,781261847597636,14,"['D', 'C', 'B', 'D', 'A']","['D', 'C', 'B', 'D', 'A']",5
78126-35572,781261847597636,15,"['D', 'C', 'C', 'A', 'C']","['D', 'C', 'C', 'A', 'C']",5
78126-35572,355721802475635,15,"['D', 'C', 'C', 'A', 'C']","['D', 'C', 'C', 'A', 'C']",5
78126-35572,781261847597636,16,"['C', 'D', 'A', 'C', 'D']","['C', 'D', 'A', 'C', 'D']",5
78126-35572,355721802475635,16,"['A', 'D', 'A', 'C', 'D']","['C', 'D', 'A', 'C', 'D']",4
78126-35572,781261847597636,17,"['C', 'B', 'C', 'A', 'D']","['C', 'B', 'C', 'A', 'D']",5
78126-35572,355721802475635,17,"['C', 'D', 'C', 'A', 'D']","['C', 'B', 'C', 'A', 'D']",4
78126-35572,781261847597636,18,"['D', 'A', 'B', 'D', 'A']","['D', 'A', 'B', 'D', 'A']",5
78126-35572,355721802475635,18,"['D', 'C', 'B', 'D', 'A']","['D', 'A', 'B', 'D', 'A']",4
78126-35572,781261847597636,19,"['C', 'C', 'A', 'B', 'A']","['C', 'C', 'A', 'B', 'A']",5
78126-35572,355721802475635,19,"['C', 'A', 'A', 'B', 'A']","['C', 'C', 'A', 'B', 'A']",4
78126-35572,355721802475635,20,"['B', 'B', 'A', 'D', 'D']","['B', 'B', 'A', 'D', 'D']",5
78126-35572,781261847597636,20,"['B', 'B', 'A', 'D', 'D']","['B', 'B', 'A', 'D', 'D']",5
78126-35572,781261847597636,21,"['C', 'A', 'D', 'C', 'A']","['C', 'A', 'D', 'C', 'A']",5
78126-35572,355721802475635,21,"['C', 'A', 'D', 'C', 'A']","['C', 'A', 'D', 'C', 'A']",5
78126-35572,781261847597636,22,"['B', 'D', 'C', 'C', 'D']","['B', 'D', 'C', 'C', 'D']",5
78126-35572,355721802475635,22,"['B', 'D', 'C', 'C', 'D']","['B', 'D', 'C', 'C', 'D']",5
78126-35572,781261847597636,23,"['C', 'B', 'A', 'B', 'C']","['C', 'B', 'A', 'B', 'C']",5
78126-35572,355721802475635,23,"['C', 'B', 'A', 'B', 'C']","['C', 'B', 'A', 'B', 'C']",5
78126-35572,781261847597636,24,"['C', 'B', 'D', 'B', 'D']","['C', 'B', 'D', 'B', 'D']",5
78126-35572,355721802475635,24,"['C', 'B', 'D', 'B', 'D']","['C', 'B', 'D', 'B', 'D']",5
78126-35572,355721802475635,25,"['D', 'B', 'B', 'B', 'D']","['D', 'B', 'B', 'B', 'D']",5
78126-35572,781261847597636,25,"['D', 'B', 'B', 'B', 'D']","['D', 'B', 'B', 'B', 'D']",5
56364-66850,563641349706418,1,"['C', 'C', 'A', 'C', 'A']","['C', 'A', 'A', 'A', 'A']",3
56364-66850,668507302070680,2,"['B', 'D', 'D', 'D', 'B']","['D', 'D', 'D', 'D', 'B']",4
56364-66850,563641349706418,2,"['A', 'A', 'C', 'A', 'C']","['A', 'A', 'C', 'A', 'A']",4
56364-66850,668507302070680,3,"['B', 'B', 'B', 'D', 'D']","['B', 'B', 'B', 'D', 'D']",5
56364-66850,563641349706418,3,"['A', 'C', 'A', 'C', 'A']","['A', 'C', 'A', 'C', 'A']",5
56364-66850,668507302070680,4,"['D', 'B', 'B', 'B', 'B']","['D', 'B', 'B', 'B', 'B']",5
56364-66850,563641349706418,4,"['A', 'C', 'C', 'A', 'A']","['A', 'A', 'C', 'C', 'A']",3
56364-66850,668507302070680,5,"['B', 'B', 'D', 'B', 'B']","['B', 'B', 'D', 'B', 'B']",5
56364-66850,563641349706418,5,"['C', 'A', 'C', 'A', 'A']","['A', 'A', 'C', 'A', 'A']",4
56364-66850,668507302070680,6,"['D', 'B', 'D', 'B', 'B']","['D', 'B', 'D', 'B', 'B']",5
56364-66850,563641349706418,6,"['C', 'C', 'A', 'C', 'A']","['C', 'C', 'A', 'C', 'A']",5
56364-66850,668507302070680,7,"['D', 'B', 'B', 'B', 'D']","['D', 'B', 'D', 'B', 'D']",4
56364-66850,563641349706418,7,"['A', 'C', 'A', 'C', 'C']","['A', 'C', 'A', 'C', 'C']",5
56364-66850,668507302070680,8,"['D', 'B', 'D', 'D', 'D']","['D', 'B', 'D', 'D', 'D']",5
56364-66850,563641349706418,8,"['C', 'A', 'C', 'C', 'A']","['C', 'A', 'C', 'C', 'A']",5
56364-66850,668507302070680,9,"['D', 'D', 'D', 'B', 'D']","['D', 'D', 'D', 'B', 'D']",5
56364-66850,563641349706418,9,"['A', 'A', 'C', 'A', 'A']","['A', 'A', 'C', 'A', 'A']",5
56364-66850,668507302070680,10,"['D', 'B', 'D', 'D', 'B']","['D', 'B', 'D', 'D', 'B']",5
56364-66850,563641349706418,10,"['A', 'C', 'C', 'A', 'C']","['A', 'C', 'C', 'A', 'C']",5
56364-66850,668507302070680,11,"['B', 'D', 'D', 'D', 'D']","['B', 'D', 'D', 'D', 'D']",5
56364-66850,563641349706418,11,"['A', 'A', 'A', 'C', 'A']","['A', 'A', 'A', 'C', 'A']",5
56364-66850,668507302070680,12,"['D', 'D', 'B', 'D', 'D']","['D', 'D', 'B', 'D', 'D']",5
56364-66850,563641349706418,12,"['C', 'A', 'C', 'A', 'A']","['C', 'A', 'C', 'A', 'A']",5
56364-66850,668507302070680,13,"['B', 'B', 'D', 'D', 'D']","['B', 'B', 'D', 'D', 'D']",5
56364-66850,563641349706418,13,"['C', 'A', 'C', 'C', 'A']","['C', 'A', 'C', 'A', 'A']",4
56364-66850,668507302070680,14,"['B', 'B', 'B', 'B', 'B']","['B', 'B', 'B', 'B', 'B']",5
56364-66850,563641349706418,14,"['A', 'C', 'C', 'C', 'C']","['C', 'C', 'C', 'C', 'C']",4
56364-66850,563641349706418,15,"['A', 'C', 'C', 'A', 'A']","['A', 'C', 'C', 'A', 'A']",5
56364-66850,668507302070680,15,"['B', 'B', 'B', 'D', 'B']","['B', 'B', 'B', 'D', 'B']",5
56364-66850,668507302070680,16,"['B', 'B', 'B', 'D', 'B']","['B', 'B', 'B', 'D', 'B']",5
56364-66850,563641349706418,16,"['C', 'A', 'A', 'A', 'C']","['C', 'A', 'A', 'A', 'C']",5
56364-66850,668507302070680,17,"['D', 'B', 'B', 'B', 'B']","['D', 'B', 'B', 'B', 'B']",5
56364-66850,563641349706418,17,"['C', 'C', 'A', 'A', 'A']","['A', 'C', 'A', 'A', 'A']",4
56364-66850,668507302070680,18,"['D', 'D', 'B', 'B', 'D']","['D', 'D', 'B', 'B', 'D']",5
56364-66850,563641349706418,18,"['A', 'C', 'C', 'A', 'A']","['A', 'C', 'C', 'A', 'A']",5
56364-66850,668507302070680,19,"['B', 'D', 'D', 'B', 'D']","['B', 'D', 'D', 'B', 'D']",5
56364-66850,563641349706418,19,"['A', 'A', 'A', 'C', 'A']","['A', 'A', 'A', 'C', 'A']",5
56364-66850,668507302070680,20,"['D', 'B', 'B', 'B', 'D']","['D', 'B', 'B', 'B', 'D']",5
56364-66850,563641349706418,20,"['C', 'C', 'A', 'C', 'A']","['C', 'C', 'A', 'C', 'A']",5
56364-66850,668507302070680,21,"['D', 'D', 'B', 'B', 'B']","['D', 'D', 'B', 'B', 'B']",5
56364-66850,563641349706418,21,"['A', 'C', 'A', 'C', 'A']","['A', 'C', 'A', 'A', 'A']",4
56364-66850,668507302070680,22,"['B', 'D', 'D', 'B', 'B']","['B', 'D', 'D', 'B', 'B']",5
56364-66850,563641349706418,22,"['C', 'C', 'A', 'C', 'A']","['C', 'C', 'A', 'A', 'A']",4
56364-66850,668507302070680,23,"['B', 'B', 'D', 'B', 'D']","['B', 'B', 'D', 'B', 'D']",5
56364-66850,563641349706418,23,"['A', 'C', 'C', 'C', 'A']","['A', 'C', 'C', 'C', 'A']",5
56364-66850,668507302070680,24,"['D', 'B', 'B', 'D', 'B']","['D', 'D', 'B', 'D', 'B']",4
56364-66850,563641349706418,24,"['A', 'C', 'C', 'A', 'A']","['A', 'A', 'C', 'A', 'A']",4
56364-66850,668507302070680,25,"['B', 'D', 'D', 'D', 'B']","['B', 'B', 'D', 'D', 'B']",4
56364-66850,563641349706418,25,"['C', 'C', 'C', 'C', 'A']","['C', 'C', 'C', 'A', 'A']",4
56364-66850,668507302070680,1,"['D', 'D', 'B', 'C', 'A']","['D', 'D', 'B', 'C', 'A']",5
56364-66850,668507302070680,2,"['B', 'C', 'D', 'D', 'A']","['B', 'C', 'D', 'D', 'A']",5
56364-66850,668507302070680,3,"['A', 'C', 'D', 'C', 'C']","['A', 'C', 'D', 'C', 'C']",5
56364-66850,563641349706418,3,"['A', 'C', 'B', 'C', 'C']","['A', 'C', 'D', 'C', 'C']",4
56364-66850,563641349706418,4,"['C', 'A', 'B', 'B', 'B']","['C', 'A', 'D', 'D', 'D']",2
56364-66850,668507302070680,4,"['C', 'C', 'D', 'D', 'D']","['C', 'A', 'D', 'D', 'D']",4
56364-66850,563641349706418,5,"['C', 'A', 'D', 'B', 'C']","['C', 'A', 'B', 'B', 'A']",3
56364-66850,668507302070680,5,"['C', 'A', 'B', 'B', 'C']","['C', 'A', 'B', 'B', 'A']",4
56364-66850,563641349706418,6,"['A', 'C', 'B', 'C', 'B']","['A', 'D', 'B', 'C', 'D']",3
56364-66850,668507302070680,6,"['A', 'D', 'B', 'A', 'D']","['A', 'D', 'B', 'C', 'D']",4
56364-66850,668507302070680,7,"['A', 'B', 'B', 'D', 'B']","['C', 'B', 'B', 'D', 'B']",4
56364-66850,563641349706418,7,"['C', 'B', 'B', 'C', 'B']","['C', 'B', 'B', 'D', 'B']",4
56364-66850,563641349706418,8,"['C', 'C', 'C', 'B', 'D']","['C', 'C', 'C', 'B', 'D']",5
56364-66850,668507302070680,8,"['A', 'C', 'C', 'B', 'D']","['C', 'C', 'C', 'B', 'D']",4
56364-66850,563641349706418,9,"['B', 'D', 'C', 'C', 'A']","['D', 'B', 'C', 'C', 'A']",3
56364-66850,668507302070680,9,"['D', 'B', 'C', 'C', 'A']","['D', 'B', 'C', 'C', 'A']",5
56364-66850,563641349706418,10,"['C', 'A', 'A', 'D', 'C']","['C', 'A', 'A', 'B', 'C']",4
56364-66850,668507302070680,10,"['C', 'A', 'A', 'D', 'C']","['C', 'A', 'A', 'B', 'C']",4
56364-66850,563641349706418,11,"['C', 'B', 'A', 'D', 'B']","['B', 'B', 'A', 'B', 'B']",3
56364-66850,668507302070680,11,"['B', 'B', 'A', 'B', 'B']","['B', 'B', 'A', 'B', 'B']",5
56364-66850,563641349706418,12,"['B', 'A', 'B', 'A', 'A']","['B', 'A', 'B', 'A', 'A']",5
56364-66850,668507302070680,12,"['B', 'A', 'B', 'A', 'A']","['B', 'A', 'B', 'A', 'A']",5
56364-66850,563641349706418,13,"['D', 'B', 'C', 'A', 'B']","['D', 'B', 'C', 'A', 'D']",4
56364-66850,668507302070680,13,"['D', 'B', 'C', 'A', 'D']","['D', 'B', 'C', 'A', 'D']",5
56364-66850,563641349706418,14,"['C', 'B', 'B', 'C', 'A']","['C', 'D', 'B', 'C', 'A']",4
56364-66850,668507302070680,14,"['C', 'D', 'B', 'C', 'A']","['C', 'D', 'B', 'C', 'A']",5
56364-66850,563641349706418,15,"['D', 'A', 'B', 'C', 'B']","['D', 'A', 'B', 'C', 'B']",5
56364-66850,668507302070680,15,"['D', 'A', 'D', 'C', 'B']","['D', 'A', 'B', 'C', 'B']",4
56364-66850,563641349706418,16,"['A', 'B', 'B', 'B', 'C']","['A', 'B', 'D', 'D', 'C']",3
56364-66850,668507302070680,16,"['A', 'B', 'D', 'D', 'C']","['A', 'B', 'D', 'D', 'C']",5
56364-66850,563641349706418,17,"['B', 'B', 'B', 'B', 'B']","['B', 'D', 'D', 'D', 'B']",2
56364-66850,668507302070680,17,"['B', 'D', 'D', 'D', 'B']","['B', 'D', 'D', 'D', 'B']",5
56364-66850,563641349706418,18,"['A', 'B', 'A', 'D', 'B']","['A', 'D', 'A', 'D', 'B']",4
56364-66850,668507302070680,18,"['A', 'D', 'A', 'D', 'B']","['A', 'D', 'A', 'D', 'B']",5
56364-66850,563641349706418,19,"['C', 'A', 'B', 'A', 'B']","['C', 'A', 'B', 'A', 'B']",5
56364-66850,668507302070680,19,"['C', 'A', 'B', 'A', 'B']","['C', 'A', 'B', 'A', 'B']",5
56364-66850,563641349706418,20,"['A', 'D', 'C', 'A', 'D']","['A', 'D', 'A', 'A', 'D']",4
56364-66850,668507302070680,20,"['A', 'D', 'C', 'A', 'D']","['A', 'D', 'A', 'A', 'D']",4
56364-66850,563641349706418,21,"['C', 'B', 'C', 'A', 'A']","['C', 'B', 'C', 'A', 'A']",5
56364-66850,668507302070680,21,"['C', 'B', 'A', 'A', 'A']","['C', 'B', 'C', 'A', 'A']",4
56364-66850,563641349706418,22,"['C', 'B', 'D', 'D', 'C']","['D', 'B', 'D', 'D', 'C']",4
56364-66850,668507302070680,22,"['D', 'B', 'D', 'D', 'C']","['D', 'B', 'D', 'D', 'C']",5
56364-66850,668507302070680,23,"['D', 'B', 'C', 'A', 'A']","['D', 'B', 'C', 'A', 'A']",5
56364-66850,563641349706418,23,"['D', 'B', 'C', 'A', 'A']","['D', 'B', 'C', 'A', 'A']",5
56364-66850,668507302070680,24,"['B', 'C', 'A', 'B', 'B']","['B', 'C', 'A', 'B', 'B']",5
56364-66850,563641349706418,24,"['B', 'C', 'A', 'B', 'B']","['B', 'C', 'A', 'B', 'B']",5
56364-66850,563641349706418,25,"['B', 'C', 'B', 'C', 'D']","['B', 'C', 'B', 'C', 'D']",5
56364-66850,668507302070680,25,"['B', 'A', 'B', 'C', 'D']","['B', 'C', 'B', 'C', 'D']",4
